{"licenses":[{"name":"","id":0,"url":""}],"info":{"contributor":"","date_created":"","description":"","url":"","version":"","year":""},"categories":[{"id":1,"name":"person","supercategory":""},{"id":2,"name":"motorcycle","supercategory":""},{"id":3,"name":"bicycle","supercategory":""},{"id":4,"name":"car","supercategory":""},{"id":5,"name":"truck","supercategory":""},{"id":6,"name":"bus","supercategory":""},{"id":7,"name":"motorcycle rider","supercategory":""},{"id":8,"name":"bicycle rider","supercategory":""}],"images":[{"id":1,"width":640,"height":480,"file_name":"RGB_00009.jpg","license":0,"flickr_url":"","coco_url":"","date_captured":0},{"id":2,"width":640,"height":480,"file_name":"RGB_00055.jpg","license":0,"flickr_url":"","coco_url":"","date_captured":0},{"id":3,"width":640,"height":480,"file_name":"RGB_00060.jpg","license":0,"flickr_url":"","coco_url":"","date_captured":0},{"id":4,"width":640,"height":480,"file_name":"RGB_00105.jpg","license":0,"flickr_url":"","coco_url":"","date_captured":0},{"id":5,"width":640,"height":480,"file_name":"RGB_00131.jpg","license":0,"flickr_url":"","coco_url":"","date_captured":0},{"id":6,"width":640,"height":480,"file_name":"RGB_00215.jpg","license":0,"flickr_url":"","coco_url":"","date_captured":0},{"id":7,"width":640,"height":480,"file_name":"RGB_00274.jpg","license":0,"flickr_url":"","coco_url":"","date_captured":0},{"id":8,"width":640,"height":480,"file_name":"RGB_00296.jpg","license":0,"flickr_url":"","coco_url":"","date_captured":0},{"id":9,"width":640,"height":480,"file_name":"RGB_00319.jpg","license":0,"flickr_url":"","coco_url":"","date_captured":0},{"id":10,"width":640,"height":480,"file_name":"RGB_00380.jpg","license":0,"flickr_url":"","coco_url":"","date_captured":0},{"id":11,"width":624,"height":492,"file_name":"Thermal_00000.jpg","license":0,"flickr_url":"","coco_url":"","date_captured":0},{"id":12,"width":624,"height":492,"file_name":"Thermal_00010.jpg","license":0,"flickr_url":"","coco_url":"","date_captured":0},{"id":13,"width":624,"height":492,"file_name":"Thermal_00015.jpg","license":0,"flickr_url":"","coco_url":"","date_captured":0},{"id":14,"width":624,"height":492,"file_name":"Thermal_00050.jpg","license":0,"flickr_url":"","coco_url":"","date_captured":0},{"id":15,"width":624,"height":492,"file_name":"Thermal_00060.jpg","license":0,"flickr_url":"","coco_url":"","date_captured":0},{"id":16,"width":624,"height":492,"file_name":"Thermal_00365.jpg","license":0,"flickr_url":"","coco_url":"","date_captured":0},{"id":17,"width":624,"height":492,"file_name":"Thermal_00485.jpg","license":0,"flickr_url":"","coco_url":"","date_captured":0},{"id":18,"width":624,"height":492,"file_name":"Thermal_00720.jpg","license":0,"flickr_url":"","coco_url":"","date_captured":0},{"id":19,"width":624,"height":492,"file_name":"Thermal_00735.jpg","license":0,"flickr_url":"","coco_url":"","date_captured":0},{"id":20,"width":624,"height":492,"file_name":"Thermal_00840.jpg","license":0,"flickr_url":"","coco_url":"","date_captured":0},{"id":21,"width":624,"height":492,"file_name":"Thermal_00865.jpg","license":0,"flickr_url":"","coco_url":"","date_captured":0},{"id":22,"width":624,"height":492,"file_name":"Thermal_00875.jpg","license":0,"flickr_url":"","coco_url":"","date_captured":0},{"id":23,"width":624,"height":492,"file_name":"Thermal_00885.jpg","license":0,"flickr_url":"","coco_url":"","date_captured":0},{"id":24,"width":624,"height":492,"file_name":"Thermal_00895.jpg","license":0,"flickr_url":"","coco_url":"","date_captured":0},{"id":25,"width":624,"height":492,"file_name":"Thermal_01080.jpg","license":0,"flickr_url":"","coco_url":"","date_captured":0},{"id":26,"width":624,"height":492,"file_name":"Thermal_01085.jpg","license":0,"flickr_url":"","coco_url":"","date_captured":0},{"id":27,"width":624,"height":492,"file_name":"Thermal_01105.jpg","license":0,"flickr_url":"","coco_url":"","date_captured":0},{"id":28,"width":624,"height":492,"file_name":"Thermal_01120.jpg","license":0,"flickr_url":"","coco_url":"","date_captured":0},{"id":29,"width":624,"height":492,"file_name":"Thermal_01135.jpg","license":0,"flickr_url":"","coco_url":"","date_captured":0},{"id":30,"width":624,"height":492,"file_name":"Thermal_01150.jpg","license":0,"flickr_url":"","coco_url":"","date_captured":0},{"id":31,"width":624,"height":492,"file_name":"Thermal_01160.jpg","license":0,"flickr_url":"","coco_url":"","date_captured":0},{"id":32,"width":624,"height":492,"file_name":"Thermal_01180.jpg","license":0,"flickr_url":"","coco_url":"","date_captured":0},{"id":33,"width":624,"height":492,"file_name":"Thermal_01190.jpg","license":0,"flickr_url":"","coco_url":"","date_captured":0},{"id":34,"width":624,"height":492,"file_name":"Thermal_01200.jpg","license":0,"flickr_url":"","coco_url":"","date_captured":0},{"id":35,"width":624,"height":492,"file_name":"Thermal_01245.jpg","license":0,"flickr_url":"","coco_url":"","date_captured":0},{"id":36,"width":624,"height":492,"file_name":"Thermal_01250.jpg","license":0,"flickr_url":"","coco_url":"","date_captured":0},{"id":37,"width":624,"height":492,"file_name":"Thermal_01260.jpg","license":0,"flickr_url":"","coco_url":"","date_captured":0},{"id":38,"width":624,"height":492,"file_name":"Thermal_01275.jpg","license":0,"flickr_url":"","coco_url":"","date_captured":0},{"id":39,"width":624,"height":492,"file_name":"Thermal_01290.jpg","license":0,"flickr_url":"","coco_url":"","date_captured":0},{"id":40,"width":624,"height":492,"file_name":"Thermal_01300.jpg","license":0,"flickr_url":"","coco_url":"","date_captured":0},{"id":41,"width":624,"height":492,"file_name":"Thermal_01315.jpg","license":0,"flickr_url":"","coco_url":"","date_captured":0},{"id":42,"width":624,"height":492,"file_name":"Thermal_01330.jpg","license":0,"flickr_url":"","coco_url":"","date_captured":0},{"id":43,"width":624,"height":492,"file_name":"Thermal_01345.jpg","license":0,"flickr_url":"","coco_url":"","date_captured":0},{"id":44,"width":624,"height":492,"file_name":"Thermal_01350.jpg","license":0,"flickr_url":"","coco_url":"","date_captured":0},{"id":45,"width":624,"height":492,"file_name":"Thermal_01370.jpg","license":0,"flickr_url":"","coco_url":"","date_captured":0},{"id":46,"width":624,"height":492,"file_name":"Thermal_01380.jpg","license":0,"flickr_url":"","coco_url":"","date_captured":0},{"id":47,"width":624,"height":492,"file_name":"Thermal_01400.jpg","license":0,"flickr_url":"","coco_url":"","date_captured":0},{"id":48,"width":624,"height":492,"file_name":"Thermal_01415.jpg","license":0,"flickr_url":"","coco_url":"","date_captured":0},{"id":49,"width":624,"height":492,"file_name":"Thermal_01440.jpg","license":0,"flickr_url":"","coco_url":"","date_captured":0},{"id":50,"width":624,"height":492,"file_name":"Thermal_01450.jpg","license":0,"flickr_url":"","coco_url":"","date_captured":0}],"annotations":[{"id":1,"image_id":1,"category_id":1,"segmentation":[[473.0,233.0,470.0,235.0,465.0,259.0,459.0,268.0,459.0,272.0,467.0,276.0,470.0,283.0,471.0,303.0,477.0,305.0,481.0,291.0,485.0,253.0,480.0,244.0,478.0,234.0]],"area":1022.0,"bbox":[459.0,233.0,26.0,72.0],"iscrowd":0,"attributes":{"occluded":false}},{"id":2,"image_id":1,"category_id":7,"segmentation":[[214.0,254.0,208.0,262.0,209.0,266.0,207.0,268.0,210.0,270.0,203.0,274.0,204.0,277.0,202.0,279.0,205.0,281.0,203.0,290.0,206.0,291.0,203.0,297.0,212.0,306.0,226.0,305.0,232.0,311.0,240.0,305.0,242.0,299.0,240.0,291.0,242.0,289.0,235.0,285.0,236.0,281.0,231.0,278.0,230.0,273.0,232.0,273.0,226.0,269.0,223.0,260.0]],"area":1368.0,"bbox":[202.0,254.0,40.0,57.0],"iscrowd":0,"attributes":{"occluded":false}},{"id":3,"image_id":1,"category_id":1,"segmentation":[[491.0,237.0,489.0,239.0,489.0,251.0,485.0,264.0,493.0,287.0,493.0,301.0,497.0,302.0,504.0,298.0,502.0,281.0,505.0,277.0,511.0,276.0,511.0,268.0,505.0,258.0,503.0,249.0,498.0,244.0,498.0,238.0]],"area":945.0,"bbox":[485.0,237.0,26.0,65.0],"iscrowd":0,"attributes":{"occluded":false}},{"id":4,"image_id":1,"category_id":4,"segmentation":[[58.0,261.0,60.0,270.0,55.0,276.0,53.0,287.0,54.0,295.0,58.0,301.0,52.0,303.0,58.0,301.0,64.0,308.0,68.0,308.0,67.0,304.0,72.0,300.0,96.0,300.0,107.0,307.0,110.0,303.0,109.0,299.0,112.0,297.0,115.0,298.0,111.0,295.0,113.0,293.0,113.0,286.0,110.0,283.0,110.0,278.0,86.0,258.0,70.0,258.0]],"area":2161.0,"bbox":[52.0,258.0,63.0,50.0],"iscrowd":0,"attributes":{"occluded":false}},{"id":5,"image_id":1,"category_id":4,"segmentation":[[8.0,248.0,11.0,251.0,8.0,254.0,8.0,260.0,15.7,273.42,14.0,276.0,17.0,281.0,26.0,284.0,27.0,281.0,43.0,280.0,44.0,276.0,55.0,266.0,52.0,263.0,55.0,259.0,54.0,257.0,48.0,257.0,48.0,254.0,33.0,239.0,25.0,239.0,23.0,237.0,18.0,241.0,14.0,241.0,13.0,245.0]],"area":1460.0,"bbox":[8.0,237.0,47.0,47.0],"iscrowd":0,"attributes":{"occluded":false}},{"id":6,"image_id":1,"category_id":1,"segmentation":[[544.0,238.0,538.0,238.0,536.0,240.0,533.0,248.0,527.0,256.0,527.0,265.0,531.0,276.0,531.0,305.0,529.0,313.0,531.0,323.0,534.0,323.0,542.0,316.0,541.0,294.0,545.0,286.0,546.0,272.0,552.0,269.0,554.0,266.0,554.0,263.0,548.0,262.0,546.0,260.0,544.0,254.0,546.0,249.0,546.0,241.0]],"area":1181.0,"bbox":[527.0,238.0,27.0,85.0],"iscrowd":0,"attributes":{"occluded":false}},{"id":7,"image_id":1,"category_id":1,"segmentation":[[591.0,235.0,588.0,238.0,588.0,248.0,585.0,252.0,586.0,262.0,583.0,281.0,586.0,284.0,592.0,309.0,597.0,312.0,602.0,310.0,606.0,253.0,600.0,243.0,599.0,237.0,597.0,235.0]],"area":1234.0,"bbox":[583.0,235.0,23.0,77.0],"iscrowd":0,"attributes":{"occluded":false}},{"id":8,"image_id":1,"category_id":1,"segmentation":[[157.0,242.0,153.0,250.0,155.0,268.0,157.0,271.0,160.0,271.0,164.0,267.0,164.0,251.0,161.0,243.0]],"area":248.0,"bbox":[153.0,242.0,11.0,29.0],"iscrowd":0,"attributes":{"occluded":false}},{"id":9,"image_id":1,"category_id":1,"segmentation":[[116.0,244.0,117.0,265.0,121.0,265.0,123.0,250.0,119.0,244.0]],"area":109.0,"bbox":[116.0,244.0,7.0,21.0],"iscrowd":0,"attributes":{"occluded":false}},{"id":10,"image_id":1,"category_id":1,"segmentation":[[222.0,239.0,217.0,246.0,216.0,253.0,221.0,258.0,226.0,270.0,229.0,271.0,230.0,257.0,238.0,254.0,239.0,249.0,235.0,241.0,228.0,242.0]],"area":390.0,"bbox":[216.0,239.0,23.0,32.0],"iscrowd":0,"attributes":{"occluded":false}},{"id":11,"image_id":1,"category_id":2,"segmentation":[[239.0,308.0,237.0,310.0,239.0,316.0,236.0,319.0,239.0,325.0,227.0,338.0,225.0,336.0,221.0,338.0,218.0,334.0,209.0,332.0,210.0,328.0,208.0,325.0,211.0,322.0,210.0,314.0,212.0,313.0,208.0,321.0,205.0,318.0,206.0,308.0,209.0,304.0,206.0,301.0,208.0,304.0,216.0,307.0,221.0,305.0]],"area":829.0,"bbox":[205.0,301.0,34.0,37.0],"iscrowd":0,"attributes":{"occluded":false}},{"id":12,"image_id":2,"category_id":1,"segmentation":[[326.0,255.0,329.0,255.0,337.0,266.0,334.0,273.0,335.0,277.0,348.0,289.0,355.0,308.0,353.0,307.0,348.0,310.0,349.0,316.0,356.0,324.0,356.0,329.0,351.0,334.0,355.0,339.0,356.0,352.0,354.0,355.0,356.0,359.0,349.0,367.0,351.0,373.0,347.0,398.0,349.0,404.0,346.0,410.0,342.0,409.0,333.0,413.0,320.0,412.0,329.0,403.0,325.0,392.0,327.0,388.0,324.0,388.0,323.0,382.0,325.0,372.0,312.0,359.0,309.0,352.0,303.0,348.0,303.0,342.0,307.0,336.0,304.0,338.0,304.0,320.0,306.0,313.0,311.0,309.0,311.0,305.0,300.0,294.0,304.0,288.0,318.0,285.0,320.0,278.0,315.0,273.0]],"area":5286.0,"bbox":[300.0,255.0,56.0,158.0],"iscrowd":0,"attributes":{"occluded":false}},{"id":13,"image_id":2,"category_id":1,"segmentation":[[289.0,236.0,276.0,236.0,272.0,239.0,273.0,256.0,257.0,265.0,249.0,279.0,249.0,295.0,255.0,302.0,254.0,322.0,259.0,405.0,279.0,402.0,292.0,395.0,296.0,377.0,295.0,306.0,299.0,298.0,301.0,308.0,303.0,307.0,306.0,291.0,312.0,288.0,314.0,284.0,314.0,276.0,304.0,265.0,295.0,262.0,291.0,258.0,294.0,243.0]],"area":6709.0,"bbox":[249.0,236.0,65.0,169.0],"iscrowd":0,"attributes":{"occluded":false}},{"id":14,"image_id":2,"category_id":1,"segmentation":[[218.0,264.0,212.0,268.0,213.0,289.0,193.0,306.0,191.0,312.0,206.0,312.0,211.0,321.0,209.0,346.0,216.0,379.0,217.0,405.0,221.0,415.0,226.0,420.0,235.0,418.0,247.0,419.0,256.0,414.0,255.0,405.0,250.0,393.0,245.0,336.0,241.0,324.0,248.0,314.0,248.0,304.0,246.0,296.0,232.0,284.0,232.0,271.0,227.0,264.0]],"area":5225.0,"bbox":[191.0,264.0,65.0,156.0],"iscrowd":0,"attributes":{"occluded":false}},{"id":15,"image_id":2,"category_id":1,"segmentation":[[73.0,254.0,76.0,257.0,75.0,264.0,82.0,276.0,77.0,284.0,83.0,290.0,75.0,296.0,77.0,296.0,77.0,314.0,79.0,316.0,74.0,318.0,71.0,315.0,64.0,320.0,62.0,318.0,64.0,314.0,64.0,295.0,59.0,290.0,60.0,286.0,58.0,284.0,61.0,280.0,58.0,277.0,58.0,270.0,67.0,264.0]],"area":943.0,"bbox":[58.0,254.0,25.0,66.0],"iscrowd":0,"attributes":{"occluded":false}},{"id":16,"image_id":3,"category_id":4,"segmentation":[[570.0,246.0,590.0,247.0,600.0,254.0,616.0,255.0,621.0,259.0,622.0,264.0,626.0,265.0,625.0,271.0,620.0,275.0,627.0,278.0,626.0,287.0,620.0,292.0,609.0,295.0,603.0,292.0,598.0,293.0,596.0,296.0,581.0,296.0,575.0,292.0,567.0,293.0]],"area":2383.0,"bbox":[567.0,246.0,60.0,50.0],"iscrowd":0,"attributes":{"occluded":false}},{"id":17,"image_id":3,"category_id":4,"segmentation":[[0.0,279.0,6.0,279.0,9.0,276.0,13.0,279.0,23.0,278.0,29.0,284.0,34.0,284.0,44.0,293.0,56.0,295.0,65.0,303.0,69.0,303.0,81.0,315.0,87.0,315.0,100.0,328.0,105.0,331.0,107.0,329.0,120.0,340.0,130.0,360.0,137.0,367.0,134.0,370.0,135.0,379.0,133.0,381.0,132.0,399.0,135.0,402.0,132.0,405.0,132.0,412.0,129.0,415.0,124.0,416.0,124.0,414.0,118.0,420.0,93.0,424.0,95.0,428.0,91.0,425.0,70.0,431.0,52.0,431.0,26.0,437.0,16.0,434.0,3.0,437.0,0.0,440.0]],"area":16190.0,"bbox":[0.0,276.0,137.0,164.0],"iscrowd":0,"attributes":{"occluded":false}},{"id":18,"image_id":3,"category_id":1,"segmentation":[[399.0,269.0,390.0,273.0,389.0,288.0,379.0,302.0,379.0,317.0,370.0,341.0,371.0,351.0,381.0,349.0,385.0,353.0,386.0,394.0,388.0,401.0,385.0,411.0,399.0,409.0,403.0,405.0,405.0,392.0,412.0,402.0,417.0,402.0,421.0,398.0,415.0,365.0,415.0,342.0,417.0,339.0,417.0,331.0,425.0,321.0,423.0,301.0,416.0,294.0,412.0,285.0,412.0,270.0]],"area":4754.0,"bbox":[370.0,269.0,55.0,142.0],"iscrowd":0,"attributes":{"occluded":false}},{"id":19,"image_id":4,"category_id":4,"segmentation":[[135.0,397.0,141.0,394.0,141.0,389.0,148.0,380.0,148.0,365.0,144.0,359.0,146.0,355.0,148.0,358.0,153.0,356.0,154.0,343.0,158.0,335.0,161.0,337.0,183.0,331.0,210.0,328.0,212.0,326.0,214.0,328.0,236.0,314.0,244.0,312.0,253.0,302.0,262.0,302.0,272.0,295.0,296.0,290.0,326.0,289.0,328.0,287.0,343.0,291.0,354.0,290.0,360.0,292.0,387.0,293.0,392.0,296.0,397.0,296.0,403.0,290.0,431.0,292.0,441.0,298.0,451.0,294.0,464.0,303.0,477.0,302.0,481.0,306.0,503.0,311.0,512.0,320.0,527.0,321.0,533.0,319.0,536.0,326.0,546.0,338.0,546.0,359.0,551.0,367.0,551.0,373.0,555.0,377.0,555.0,387.0,557.0,389.0,556.0,398.0,551.0,406.0,547.0,406.0,540.0,413.0,537.0,412.0,535.0,414.0,529.0,414.0,526.0,417.0,513.0,418.0,508.0,422.0,505.0,421.0,502.0,427.0,506.0,431.0,502.0,427.0,491.0,428.0,484.0,432.0,472.0,432.0,462.0,428.0,454.0,436.0,455.0,433.0,451.0,429.0,442.0,430.0,439.0,427.0,442.0,430.0,436.0,443.0,424.0,451.0,414.0,452.0,409.0,457.0,403.0,454.0,385.0,452.0,383.0,450.0,384.0,448.0,370.0,436.0,356.0,440.0,354.0,438.0,343.0,437.0,339.0,433.0,315.0,433.0,307.0,425.0,288.0,426.0,271.0,423.0,268.0,425.0,261.0,422.0,245.0,422.0,239.0,427.0,217.0,424.0,215.0,422.0,217.0,419.0,209.0,410.0,196.0,407.0,190.0,410.0,189.0,413.0,192.0,417.0,182.0,423.0,160.0,423.0,154.0,415.0,150.0,414.0,152.0,412.0,150.0,406.0,140.0,402.0]],"area":49281.0,"bbox":[135.0,287.0,422.0,170.0],"iscrowd":0,"attributes":{"occluded":false}},{"id":20,"image_id":4,"category_id":1,"segmentation":[[132.0,261.0,128.0,264.0,131.0,272.0,119.0,276.0,121.0,278.0,128.0,278.0,132.0,282.0,130.0,286.0,142.0,300.0,144.0,299.0,148.0,321.0,158.0,337.0,153.0,342.0,155.0,348.0,152.0,357.0,154.0,358.0,146.0,357.0,144.0,359.0,139.0,354.0,148.0,365.0,148.0,380.0,138.0,395.0,141.0,399.0,133.0,411.0,134.0,416.0,123.0,426.0,124.0,428.0,120.0,422.0,121.0,413.0,119.0,411.0,119.0,404.0,116.0,401.0,116.0,385.0,113.0,382.0,112.0,372.0,101.0,365.0,98.0,359.0,98.0,320.0,95.0,314.0,100.0,309.0,100.0,296.0,115.0,285.0,113.0,263.0,115.0,265.0,122.0,265.0]],"area":5575.0,"bbox":[95.0,261.0,63.0,167.0],"iscrowd":0,"attributes":{"occluded":false}},{"id":21,"image_id":5,"category_id":1,"segmentation":[[457.0,250.0,454.0,253.0,454.0,263.0,448.0,271.0,447.0,282.0,451.0,286.0,452.0,302.0,456.0,318.0,456.0,332.0,469.0,334.0,470.0,307.0,477.0,296.0,477.0,290.0,470.0,266.0,464.0,263.0,462.0,252.0]],"area":1494.0,"bbox":[447.0,250.0,30.0,84.0],"iscrowd":0,"attributes":{"occluded":false}},{"id":22,"image_id":5,"category_id":1,"segmentation":[[187.0,255.0,183.0,260.0,184.0,270.0,174.0,280.0,172.0,308.0,173.0,313.0,179.0,316.0,187.0,356.0,192.0,357.0,194.0,336.0,197.0,354.0,202.0,355.0,205.0,352.0,204.0,323.0,205.0,319.0,210.0,315.0,210.0,300.0,204.0,275.0,196.0,269.0,196.0,256.0]],"area":2494.0,"bbox":[172.0,255.0,38.0,102.0],"iscrowd":0,"attributes":{"occluded":false}},{"id":23,"image_id":5,"category_id":1,"segmentation":[[421.0,240.0,414.0,242.0,413.0,253.0,407.0,258.0,403.0,275.0,403.0,294.0,411.0,307.0,412.0,337.0,431.0,334.0,432.0,299.0,439.0,295.0,437.0,275.0,430.0,257.0,425.0,253.0,425.0,246.0]],"area":2283.0,"bbox":[403.0,240.0,36.0,97.0],"iscrowd":0,"attributes":{"occluded":false}},{"id":24,"image_id":6,"category_id":1,"segmentation":[[578.0,245.0,571.0,249.0,573.0,263.0,566.0,274.0,570.0,332.0,568.0,351.0,569.0,355.0,574.0,359.0,582.0,361.0,586.0,355.0,587.0,344.0,592.0,331.0,593.0,315.0,601.0,297.0,603.0,286.0,596.0,273.0,587.0,264.0,588.0,255.0,586.0,250.0]],"area":2678.0,"bbox":[566.0,245.0,37.0,116.0],"iscrowd":0,"attributes":{"occluded":false}},{"id":25,"image_id":6,"category_id":1,"segmentation":[[566.0,230.0,558.0,235.0,558.0,253.0,553.0,263.0,546.0,306.0,553.0,313.0,558.0,335.0,558.0,345.0,555.0,349.0,549.0,350.0,549.0,355.0,562.0,358.0,568.0,356.0,572.0,360.0,575.0,356.0,569.0,352.0,573.0,349.0,574.0,338.0,571.0,328.0,572.0,296.0,568.0,283.0,568.0,273.0,574.0,266.0,571.0,253.0,574.0,237.0,570.0,231.0]],"area":2273.0,"bbox":[546.0,230.0,29.0,130.0],"iscrowd":0,"attributes":{"occluded":false}},{"id":26,"image_id":7,"category_id":1,"segmentation":[[455.0,236.0,459.0,242.0,459.0,257.0,461.0,259.0,459.0,259.0,458.0,264.0,453.0,266.0,450.0,262.0,449.0,243.0]],"area":241.0,"bbox":[449.0,236.0,12.0,30.0],"iscrowd":0,"attributes":{"occluded":false}},{"id":27,"image_id":7,"category_id":1,"segmentation":[[528.0,238.0,526.0,241.0,526.0,251.0,529.0,254.0,531.0,286.0,527.0,294.0,525.0,317.0,516.0,327.0,530.0,327.0,530.0,319.0,535.0,306.0,539.0,313.0,543.0,312.0,546.0,308.0,552.0,314.0,550.0,327.0,560.0,327.0,560.0,319.0,554.0,312.0,548.0,296.0,545.0,261.0,538.0,249.0,538.0,239.0,535.0,237.0]],"area":1488.0,"bbox":[516.0,237.0,44.0,90.0],"iscrowd":0,"attributes":{"occluded":false}},{"id":28,"image_id":7,"category_id":1,"segmentation":[[159.0,252.0,154.0,255.0,144.0,269.0,144.0,275.0,139.0,280.0,139.0,286.0,136.0,289.0,138.0,298.0,134.0,304.0,135.0,310.0,128.0,322.0,129.0,326.0,124.0,336.0,125.0,342.0,132.0,343.0,129.0,336.0,131.0,335.0,130.0,332.0,143.0,312.0,149.0,318.0,152.0,318.0,156.0,329.0,154.0,331.0,156.0,330.0,161.0,340.0,172.0,340.0,171.0,336.0,165.0,336.0,163.0,334.0,165.0,333.0,162.0,333.0,161.0,325.0,163.0,325.0,160.0,322.0,157.0,308.0,160.0,305.0,158.0,302.0,161.0,299.0,161.0,290.0,165.0,293.0,176.0,292.0,172.0,286.0,169.0,290.0,155.0,280.0,157.0,278.0,153.0,275.0,155.0,273.0,154.0,268.0,160.0,263.0,161.0,258.0]],"area":1518.0,"bbox":[124.0,252.0,52.0,91.0],"iscrowd":0,"attributes":{"occluded":false}},{"id":29,"image_id":7,"category_id":1,"segmentation":[[608.0,240.0,603.0,242.0,602.0,248.0,592.0,256.0,589.0,262.0,589.0,292.0,582.0,309.0,587.0,334.0,593.0,346.0,588.0,352.0,592.0,354.0,599.0,354.0,601.0,352.0,597.0,332.0,598.0,327.0,605.0,323.0,609.0,312.0,608.0,276.0,616.0,266.0,616.0,251.0]],"area":2064.0,"bbox":[582.0,240.0,34.0,114.0],"iscrowd":0,"attributes":{"occluded":false}},{"id":30,"image_id":7,"category_id":2,"segmentation":[[609.0,317.0,612.0,331.0,611.0,337.0,614.0,341.0,608.0,343.0,612.0,351.0,610.0,357.0,601.0,367.0,600.0,381.0,604.0,389.0,628.0,414.0,640.0,420.0,640.0,316.0,625.0,314.0,619.0,318.0]],"area":3036.0,"bbox":[600.0,314.0,40.0,106.0],"iscrowd":0,"attributes":{"occluded":false}},{"id":31,"image_id":7,"category_id":3,"segmentation":[[380.0,300.0,386.0,307.0,390.0,305.0,394.0,306.0,399.0,299.0,401.0,301.0,412.0,301.0,411.0,294.0,417.0,291.0,411.0,294.0,415.0,301.0,423.0,300.0,425.0,304.0,436.0,306.0,445.0,297.0,444.0,294.0,448.0,290.0,448.0,283.0,445.0,282.0,442.0,284.0,435.0,280.0,433.0,281.0,430.0,278.0,431.0,276.0,429.0,281.0,423.0,282.0,420.0,279.0,417.0,282.0,413.0,279.0,411.0,280.0,408.0,277.0,408.0,270.0,412.0,266.0,409.0,262.0,402.0,263.0,399.0,266.0,393.0,263.0,400.38,282.26,398.0,284.0,387.0,283.0,380.0,293.0]],"area":1558.0,"bbox":[380.0,262.0,68.0,45.0],"iscrowd":0,"attributes":{"occluded":false}},{"id":32,"image_id":7,"category_id":8,"segmentation":[[417.0,240.0,422.0,241.0,426.0,245.0,425.0,248.0,429.0,250.0,430.0,258.0,433.0,261.0,433.0,266.0,431.0,267.0,436.0,272.0,431.0,275.0,429.0,281.0,422.0,283.0,417.0,278.0,411.0,280.0,408.0,277.0,408.0,270.0,412.0,266.0,406.0,263.0,416.0,252.0]],"area":735.0,"bbox":[406.0,240.0,30.0,43.0],"iscrowd":0,"attributes":{"occluded":false}},{"id":33,"image_id":7,"category_id":2,"segmentation":[[191.0,282.0,195.0,278.0,201.0,278.0,202.0,276.0,207.0,278.0,212.0,284.0,212.0,287.0,217.0,290.0,217.0,277.0,215.0,275.0,220.0,273.0,226.0,284.0,225.0,295.0,223.0,297.0,226.0,300.0,224.0,302.0,226.0,304.0,219.0,298.0,215.0,298.0,210.0,302.0,200.0,303.0,192.0,309.0,188.0,307.0,186.0,303.0,194.0,289.0]],"area":800.0,"bbox":[186.0,273.0,40.0,36.0],"iscrowd":0,"attributes":{"occluded":false}},{"id":34,"image_id":7,"category_id":2,"segmentation":[[170.0,260.0,176.0,265.0,175.0,270.0,178.0,272.0,173.0,279.0,176.0,281.0,174.0,288.0,184.0,292.0,191.0,279.0,192.0,270.0,194.0,268.0,196.0,269.0,185.0,269.0,182.0,273.0,177.0,262.0,174.0,263.0]],"area":323.0,"bbox":[170.0,260.0,26.0,32.0],"iscrowd":0,"attributes":{"occluded":false}},{"id":35,"image_id":7,"category_id":7,"segmentation":[[186.0,249.0,188.0,252.0,186.0,254.0,188.0,257.0,187.0,263.0,192.0,266.0,188.0,270.0,180.0,268.0,178.0,270.0,180.0,265.0,176.0,261.0,184.0,249.0]],"area":167.0,"bbox":[176.0,249.0,16.0,21.0],"iscrowd":0,"attributes":{"occluded":false}},{"id":36,"image_id":7,"category_id":1,"segmentation":[[378.0,239.0,381.0,242.0,383.0,251.0,390.0,253.0,383.0,260.0,385.0,262.0,381.0,269.0,384.0,272.0,381.0,275.0,380.0,281.0,376.0,279.0,373.0,273.0,373.0,266.0,369.0,262.0,373.0,256.0]],"area":372.0,"bbox":[369.0,239.0,21.0,42.0],"iscrowd":0,"attributes":{"occluded":false}},{"id":37,"image_id":7,"category_id":4,"segmentation":[[224.0,253.0,218.0,265.0,217.0,272.0,223.0,279.0,226.0,292.0,260.0,288.0,267.0,284.0,268.0,269.0,266.0,261.0,258.0,250.0,254.0,248.0,238.0,248.0]],"area":1780.0,"bbox":[217.0,248.0,51.0,44.0],"iscrowd":0,"attributes":{"occluded":false}},{"id":38,"image_id":7,"category_id":4,"segmentation":[[303.0,248.0,296.0,244.0,277.0,246.0,268.0,259.0,269.0,271.0,299.0,271.0,304.0,269.0,307.0,265.0,307.0,256.0]],"area":889.0,"bbox":[268.0,244.0,39.0,27.0],"iscrowd":0,"attributes":{"occluded":false}},{"id":39,"image_id":7,"category_id":4,"segmentation":[[321.0,251.0,321.0,272.0,359.0,271.0,359.0,256.0,350.0,250.0,346.0,244.0,327.0,244.0,326.0,249.0]],"area":920.0,"bbox":[321.0,244.0,38.0,28.0],"iscrowd":0,"attributes":{"occluded":false}},{"id":40,"image_id":7,"category_id":7,"segmentation":[[199.0,252.0,197.0,256.0,205.0,260.0,207.0,258.0,210.0,259.0,217.0,269.0,215.0,275.0,217.0,282.0,214.0,292.0,215.0,290.0,212.0,287.0,213.0,280.0,211.0,278.0,207.0,279.0,200.0,275.0,195.0,275.0,192.0,272.0]],"area":417.0,"bbox":[192.0,252.0,25.0,40.0],"iscrowd":0,"attributes":{"occluded":false}},{"id":41,"image_id":8,"category_id":3,"segmentation":[[563.0,314.0,556.0,319.0,558.0,318.0,560.0,320.0,560.0,325.0,550.0,336.0,554.61,347.46,554.0,366.0,557.0,384.0,565.0,378.0,564.0,374.0,567.0,372.0,564.0,365.0,572.0,367.0,576.0,358.0,577.0,345.0,568.0,336.0,572.0,325.0,569.0,319.0]],"area":1053.0,"bbox":[550.0,314.0,27.0,70.0],"iscrowd":0,"attributes":{"occluded":false}},{"id":42,"image_id":8,"category_id":1,"segmentation":[[187.0,249.0,180.0,250.0,176.0,257.0,173.0,283.0,173.0,299.0,178.0,309.0,176.0,342.0,183.0,349.0,203.0,340.0,207.0,332.0,207.0,321.0,205.0,319.0,207.0,317.0,207.0,311.0,203.0,303.0,204.0,293.0,199.0,275.0,199.0,261.0]],"area":2540.0,"bbox":[173.0,249.0,34.0,100.0],"iscrowd":0,"attributes":{"occluded":false}},{"id":43,"image_id":8,"category_id":1,"segmentation":[[203.0,248.0,199.0,257.0,199.0,279.0,203.0,296.0,202.0,308.0,199.0,311.0,200.0,318.0,196.0,321.0,199.0,328.0,195.0,332.0,200.0,339.0,221.0,336.0,230.0,337.0,232.0,334.0,232.0,326.0,216.0,311.0,217.0,275.0,215.0,255.0,210.0,248.0]],"area":1739.0,"bbox":[195.0,248.0,37.0,91.0],"iscrowd":0,"attributes":{"occluded":false}},{"id":44,"image_id":8,"category_id":4,"segmentation":[[263.0,256.0,256.0,250.0,228.0,252.0,224.0,261.0,216.0,266.0,217.0,290.0,262.0,287.0,266.0,283.0]],"area":1658.0,"bbox":[216.0,250.0,50.0,40.0],"iscrowd":0,"attributes":{"occluded":false}},{"id":45,"image_id":8,"category_id":4,"segmentation":[[250.0,248.0,256.0,250.0,262.0,256.0,268.0,280.0,274.0,280.0,281.0,274.0,279.0,264.0,270.0,247.0]],"area":448.0,"bbox":[250.0,247.0,31.0,33.0],"iscrowd":0,"attributes":{"occluded":false}},{"id":46,"image_id":8,"category_id":4,"segmentation":[[275.0,248.0,275.0,256.0,279.0,260.0,280.0,269.0,283.0,274.0,307.0,272.0,307.0,261.0,299.0,246.0,290.0,245.0]],"area":728.0,"bbox":[275.0,245.0,32.0,29.0],"iscrowd":0,"attributes":{"occluded":false}},{"id":47,"image_id":8,"category_id":4,"segmentation":[[331.0,247.0,325.0,260.0,327.0,276.0,364.0,275.0,365.0,262.0,357.0,244.0,335.0,244.0]],"area":1103.0,"bbox":[325.0,244.0,40.0,32.0],"iscrowd":0,"attributes":{"occluded":false}},{"id":48,"image_id":8,"category_id":4,"segmentation":[[359.0,240.0,358.0,244.0,365.0,262.0,382.0,260.0,382.0,249.0,375.0,240.0]],"area":414.0,"bbox":[358.0,240.0,24.0,22.0],"iscrowd":0,"attributes":{"occluded":false}},{"id":49,"image_id":8,"category_id":4,"segmentation":[[410.0,248.0,399.0,267.0,398.0,288.0,408.0,294.0,442.0,294.0,449.0,292.0,452.0,287.0,452.0,276.0,444.0,251.0,429.0,247.0]],"area":2172.0,"bbox":[398.0,247.0,54.0,47.0],"iscrowd":0,"attributes":{"occluded":false}},{"id":50,"image_id":8,"category_id":4,"segmentation":[[394.0,238.0,386.0,239.0,382.0,246.0,385.0,258.0,389.0,259.0,394.0,254.0]],"area":192.0,"bbox":[382.0,238.0,12.0,21.0],"iscrowd":0,"attributes":{"occluded":false}},{"id":51,"image_id":8,"category_id":4,"segmentation":[[405.0,237.0,404.0,242.0,406.0,248.0,409.0,248.0,412.0,243.0,412.0,238.0]],"area":68.0,"bbox":[404.0,237.0,8.0,11.0],"iscrowd":0,"attributes":{"occluded":false}},{"id":52,"image_id":8,"category_id":2,"segmentation":[[467.0,349.0,457.0,357.0,456.0,370.0,450.0,387.0,452.0,402.0,460.0,415.0,468.0,422.0,478.0,422.0,482.0,433.0,488.0,437.0,492.0,437.0,499.0,432.0,501.0,416.0,511.0,410.0,525.0,396.0,527.0,384.0,523.0,380.0,509.0,379.0,511.0,363.0,507.0,352.0,503.0,348.0,482.0,347.0]],"area":4519.0,"bbox":[450.0,347.0,77.0,90.0],"iscrowd":0,"attributes":{"occluded":false}},{"id":53,"image_id":8,"category_id":7,"segmentation":[[472.0,256.0,466.0,257.0,461.0,262.0,461.0,284.0,448.0,296.0,444.0,314.0,431.0,320.0,431.0,324.0,446.0,329.0,449.0,336.0,449.0,341.0,438.0,365.0,433.0,404.0,427.0,411.0,427.0,414.0,436.0,418.0,441.0,418.0,445.0,415.0,447.0,395.0,452.0,382.0,451.0,378.0,455.0,372.0,459.0,372.0,454.0,369.0,454.0,364.0,459.0,361.0,456.0,359.0,459.0,358.0,459.0,355.0,464.0,352.0,468.0,354.0,472.0,351.0,483.0,354.0,490.0,353.0,492.0,351.0,477.0,351.0,476.0,348.0,504.0,348.0,509.0,345.0,510.0,341.0,509.0,300.0,502.0,297.0,497.0,288.0,484.0,280.0,483.0,264.0,478.0,258.0]],"area":5685.0,"bbox":[427.0,256.0,83.0,162.0],"iscrowd":0,"attributes":{"occluded":false}},{"id":54,"image_id":8,"category_id":8,"segmentation":[[554.0,248.0,550.0,253.0,552.0,260.0,549.0,263.0,552.0,261.0,557.0,268.0,547.0,271.0,540.0,282.0,541.0,293.0,546.0,301.0,543.0,304.0,545.0,304.0,548.0,312.0,544.0,317.0,544.0,325.0,547.0,331.0,541.0,341.0,541.0,364.0,539.0,368.0,540.0,371.0,548.0,374.0,547.0,372.0,551.0,369.0,545.0,363.0,547.0,361.0,546.0,355.0,549.0,346.0,554.0,343.0,552.0,344.0,550.0,342.0,550.0,336.0,560.0,325.0,560.0,320.0,556.0,316.0,567.0,315.0,572.0,323.0,569.0,326.0,571.0,329.0,568.0,332.0,568.0,339.0,574.0,343.0,580.0,342.0,574.0,336.0,579.0,325.0,580.0,327.0,579.0,325.0,589.0,317.0,589.0,311.0,585.0,306.0,588.0,303.0,588.0,297.0,585.0,295.0,584.0,287.0,578.0,280.0,579.0,277.0,576.0,270.0,573.0,267.0,567.0,266.0,566.0,251.0,564.0,249.0]],"area":2947.0,"bbox":[539.0,248.0,50.0,126.0],"iscrowd":0,"attributes":{"occluded":false}},{"id":55,"image_id":8,"category_id":7,"segmentation":[[637.0,261.0,627.0,278.0,630.0,301.0,617.0,321.0,613.0,324.0,612.0,330.0,607.0,334.0,608.0,340.0,604.0,348.0,590.0,366.0,605.0,374.0,611.0,371.0,614.0,367.0,611.0,358.0,620.0,347.0,623.0,348.0,626.0,344.0,622.0,350.0,626.0,355.0,626.0,361.0,617.0,370.0,619.0,374.0,614.0,380.0,625.0,394.0,619.0,397.0,608.0,408.0,609.0,415.0,603.0,421.0,593.0,445.0,591.0,475.0,593.0,478.0,597.0,475.0,600.0,477.0,606.0,471.0,606.0,467.0,613.0,464.0,611.0,465.0,609.0,462.0,611.0,441.0,613.0,439.0,616.0,442.0,624.0,433.0,624.0,420.0,635.0,410.0,638.0,411.0]],"area":4180.0,"bbox":[590.0,261.0,48.0,217.0],"iscrowd":0,"attributes":{"occluded":false}},{"id":56,"image_id":9,"category_id":2,"segmentation":[[428.0,430.0,418.0,425.0,397.0,422.0,372.0,425.0,359.0,433.0,356.0,439.0,342.0,448.0,334.0,469.0,335.0,479.0,428.0,480.0,428.0,476.0,422.0,465.0,428.0,450.0]],"area":4477.0,"bbox":[334.0,422.0,94.0,58.0],"iscrowd":0,"attributes":{"occluded":false}},{"id":57,"image_id":9,"category_id":4,"segmentation":[[275.0,248.0,275.0,257.0,281.0,273.0,305.0,273.0,307.0,271.0,306.0,258.0,298.0,245.0,278.0,246.0]],"area":759.0,"bbox":[275.0,245.0,32.0,28.0],"iscrowd":0,"attributes":{"occluded":false}},{"id":58,"image_id":9,"category_id":7,"segmentation":[[389.0,265.0,388.0,267.0,394.0,271.0,394.0,274.0,398.0,278.0,398.0,284.0,401.0,289.0,397.0,293.0,394.0,303.0,389.0,306.0,388.0,313.0,395.0,320.0,403.0,325.0,408.0,325.0,415.0,331.0,424.0,364.0,420.0,370.0,417.0,368.0,421.0,372.0,420.0,382.0,408.0,388.0,408.0,419.0,410.0,421.0,408.0,419.0,389.0,420.0,384.0,417.0,368.0,426.0,364.0,426.0,356.0,434.0,351.0,436.0,346.0,434.0,339.0,435.0,332.0,440.0,324.0,442.0,320.0,437.0,324.0,441.0,323.0,455.0,326.0,461.0,326.0,478.0,318.0,474.0,313.0,477.0,308.0,475.0,304.0,477.0,312.0,469.0,312.0,463.0,309.0,459.0,311.0,457.0,310.0,451.0,304.0,445.0,302.0,438.0,305.0,435.0,300.0,431.0,296.0,410.0,294.0,408.0,296.0,401.0,306.0,392.0,316.0,395.0,326.0,392.0,334.0,399.0,346.0,398.0,351.0,394.0,354.0,396.0,351.0,394.0,351.0,362.0,342.0,367.0,332.0,365.0,315.0,376.0,307.0,376.0,306.0,379.0,305.0,376.0,300.0,376.0,294.0,368.0,292.0,370.0,302.0,362.0,308.0,364.0,311.0,360.0,318.0,358.0,322.0,354.0,326.0,354.0,332.0,346.0,335.0,348.0,335.0,341.0,338.0,336.0,343.0,336.0,348.0,331.0,353.0,331.0,356.0,334.0,369.0,320.0,368.0,314.0,352.0,295.0,352.0,287.0,356.0,283.0,360.0,268.0,362.0,269.0,372.0,264.0,385.0,265.0,387.0,267.0]],"area":12217.0,"bbox":[292.0,264.0,132.0,214.0],"iscrowd":0,"attributes":{"occluded":false}},{"id":59,"image_id":9,"category_id":7,"segmentation":[[474.0,256.0,466.0,259.0,461.0,269.0,463.0,281.0,450.0,294.0,445.0,314.0,432.0,320.0,432.0,324.0,440.0,327.0,444.0,332.0,444.0,348.0,438.0,368.0,433.0,402.0,426.0,411.0,426.0,415.0,431.0,418.0,445.0,419.0,448.0,397.0,451.0,393.0,455.0,376.0,459.0,372.0,462.0,372.0,456.0,369.0,459.0,356.0,464.0,351.0,489.0,346.0,501.0,346.0,504.0,348.0,510.0,342.0,509.0,302.0,500.0,295.0,500.0,291.0,496.0,286.0,488.0,282.0,485.0,264.0,480.0,258.0]],"area":5802.0,"bbox":[426.0,256.0,84.0,163.0],"iscrowd":0,"attributes":{"occluded":false}},{"id":60,"image_id":9,"category_id":2,"segmentation":[[466.0,349.0,458.0,353.0,455.0,361.0,455.0,376.0,451.0,386.0,453.0,405.0,456.0,411.0,468.0,423.0,477.0,423.0,486.0,436.0,492.0,437.0,497.0,435.0,500.0,430.0,501.0,417.0,526.0,394.0,527.0,384.0,521.0,380.0,510.0,381.0,512.0,366.0,509.0,355.0,502.0,346.0]],"area":4551.0,"bbox":[451.0,346.0,76.0,91.0],"iscrowd":0,"attributes":{"occluded":false}},{"id":61,"image_id":9,"category_id":7,"segmentation":[[640.0,271.0,631.0,274.0,626.0,281.0,626.0,293.0,632.0,305.0,632.0,313.0,614.0,327.0,603.0,357.0,604.0,367.0,602.0,370.0,602.0,379.0,604.0,387.0,598.0,396.0,594.0,411.0,595.0,434.0,588.0,457.0,587.0,477.0,589.0,480.0,640.0,480.0]],"area":7138.0,"bbox":[587.0,271.0,53.0,209.0],"iscrowd":0,"attributes":{"occluded":false}},{"id":62,"image_id":9,"category_id":3,"segmentation":[[553.0,313.0,551.0,317.0,554.0,317.0,552.0,318.0,559.0,322.0,557.0,324.0,558.0,329.0,552.0,335.0,556.0,367.0,560.0,379.0,565.0,383.0,563.0,381.0,567.0,372.0,566.0,366.0,568.0,363.0,574.0,373.0,579.0,374.0,583.0,371.0,580.0,368.0,581.0,365.0,577.0,362.0,577.0,351.0,581.0,347.0,576.0,342.0,576.0,335.0,572.0,329.0,573.0,321.0,571.0,319.0,569.0,321.0,563.0,313.0]],"area":1250.0,"bbox":[551.0,313.0,32.0,70.0],"iscrowd":0,"attributes":{"occluded":false}},{"id":63,"image_id":9,"category_id":8,"segmentation":[[550.0,248.0,547.0,253.0,547.0,265.0,541.0,271.0,540.0,277.0,535.0,283.0,533.0,294.0,541.0,299.0,545.0,317.0,543.0,375.0,551.0,376.0,553.0,374.0,552.0,360.0,554.0,359.0,558.0,377.0,564.0,381.0,569.0,367.0,571.0,372.0,575.0,372.0,576.0,355.0,574.0,354.0,572.0,337.0,581.0,332.0,585.0,315.0,585.0,300.0,574.0,269.0,562.0,263.0,562.0,251.0,559.0,248.0]],"area":4222.0,"bbox":[533.0,248.0,52.0,133.0],"iscrowd":0,"attributes":{"occluded":false}},{"id":64,"image_id":9,"category_id":1,"segmentation":[[542.0,234.0,538.0,234.0,535.0,237.0,535.0,243.0,529.0,252.0,529.0,260.0,535.0,281.0,539.0,279.0,541.0,272.0,546.0,267.0,546.0,250.0,544.0,247.0,544.0,236.0]],"area":547.0,"bbox":[529.0,234.0,17.0,47.0],"iscrowd":0,"attributes":{"occluded":false}},{"id":65,"image_id":9,"category_id":1,"segmentation":[[339.0,247.0,332.0,247.0,329.0,250.0,322.0,266.0,322.0,287.0,319.0,294.0,318.0,306.0,321.0,314.0,321.0,326.0,323.0,328.0,339.0,328.0,342.0,326.0,340.0,314.0,342.0,309.0,341.0,281.0,338.0,266.0,342.0,251.0]],"area":1519.0,"bbox":[318.0,247.0,24.0,81.0],"iscrowd":0,"attributes":{"occluded":false}},{"id":66,"image_id":9,"category_id":4,"segmentation":[[260.0,252.0,245.0,249.0,225.0,253.0,221.0,261.0,212.0,270.0,213.0,289.0,261.0,287.0,265.0,282.0,263.0,258.0]],"area":1749.0,"bbox":[212.0,249.0,53.0,40.0],"iscrowd":0,"attributes":{"occluded":false}},{"id":67,"image_id":9,"category_id":4,"segmentation":[[250.0,248.0,256.0,250.0,263.0,259.0,265.0,279.0,268.0,281.0,275.0,280.0,278.0,275.0,278.0,269.0,272.0,249.0,270.0,247.0]],"area":448.0,"bbox":[250.0,247.0,28.0,34.0],"iscrowd":0,"attributes":{"occluded":false}},{"id":68,"image_id":9,"category_id":4,"segmentation":[[357.0,242.0,353.0,254.0,356.0,263.0,363.0,266.0,385.0,266.0,391.0,271.0,394.0,269.0,394.0,252.0,392.0,247.0,384.0,239.0,361.0,239.0]],"area":1010.0,"bbox":[353.0,239.0,41.0,32.0],"iscrowd":0,"attributes":{"occluded":false}},{"id":69,"image_id":9,"category_id":4,"segmentation":[[389.0,238.0,387.0,242.0,393.0,249.0,395.0,261.0,397.0,264.0,400.0,264.0,404.0,258.0,407.0,246.0,401.0,238.0]],"area":311.0,"bbox":[387.0,238.0,20.0,26.0],"iscrowd":0,"attributes":{"occluded":false}},{"id":70,"image_id":9,"category_id":4,"segmentation":[[415.0,240.0,399.0,268.0,399.0,290.0,408.0,295.0,447.0,294.0,453.0,291.0,454.0,273.0,452.0,264.0,445.0,251.0,427.0,247.0,423.0,244.0,424.0,240.0,421.0,238.0]],"area":2379.0,"bbox":[399.0,238.0,55.0,57.0],"iscrowd":0,"attributes":{"occluded":false}},{"id":71,"image_id":10,"category_id":1,"segmentation":[[510.0,254.0,506.0,258.0,506.0,269.0,508.0,273.0,495.0,286.0,495.0,300.0,503.0,315.0,505.0,324.0,506.0,381.0,511.0,385.0,517.0,384.0,517.0,380.0,513.0,376.0,513.0,361.0,518.0,355.0,524.0,359.0,527.0,379.0,533.0,382.0,537.0,381.0,537.0,378.0,533.0,370.0,534.0,349.0,528.0,337.0,532.0,331.0,532.0,310.0,527.0,278.0,522.0,274.0,524.0,263.0,522.0,257.0,518.0,254.0]],"area":3159.0,"bbox":[495.0,254.0,42.0,131.0],"iscrowd":0,"attributes":{"occluded":false}},{"id":72,"image_id":10,"category_id":2,"segmentation":[[477.0,342.0,455.0,344.0,436.0,356.0,431.0,363.0,425.0,383.0,423.0,397.0,425.0,409.0,421.0,410.0,416.0,408.0,414.0,411.0,411.0,411.0,409.0,420.0,412.0,421.0,414.0,417.0,418.0,419.0,424.0,413.0,429.0,413.0,445.0,420.0,453.0,421.0,462.0,429.0,468.0,431.0,474.0,430.0,479.0,425.0,482.0,411.0,494.0,402.0,499.0,394.0,500.0,388.0,491.0,379.0,489.0,380.0,482.0,374.0,482.0,352.0]],"area":4643.0,"bbox":[409.0,342.0,91.0,89.0],"iscrowd":0,"attributes":{"occluded":false}},{"id":73,"image_id":10,"category_id":2,"segmentation":[[275.0,441.0,276.0,446.0,284.0,450.0,290.0,458.0,302.0,462.0,311.0,468.0,317.0,468.0,331.0,476.0,359.0,480.0,378.0,472.0,381.0,461.0,391.0,449.0,404.0,439.0,405.0,428.0,401.0,422.0,395.0,422.0,388.0,426.0,384.0,424.0,376.0,406.0,376.0,391.0,373.0,386.0,360.0,387.0,350.0,392.0,344.0,390.0,339.0,385.0,329.0,384.0,318.0,391.0,313.0,401.0,315.0,406.0,314.0,413.0,317.0,416.0,317.0,421.0,314.0,426.0,309.0,430.0,306.0,429.0,295.0,435.0,286.0,435.0]],"area":7236.0,"bbox":[275.0,384.0,130.0,96.0],"iscrowd":0,"attributes":{"occluded":false}},{"id":74,"image_id":10,"category_id":7,"segmentation":[[438.0,269.0,428.0,269.0,418.0,274.0,418.0,291.0,423.0,303.0,418.0,311.0,403.0,326.0,406.0,330.0,424.0,330.0,428.0,334.0,426.0,335.0,427.0,339.0,425.0,341.0,426.0,347.0,420.0,355.0,416.0,366.0,416.0,371.0,419.0,370.0,423.0,378.0,421.0,380.0,420.0,399.0,418.0,402.0,421.0,409.0,419.0,411.0,411.0,410.0,411.0,416.0,408.0,419.0,413.0,419.0,412.0,415.0,414.0,412.0,417.0,413.0,415.0,417.0,422.0,417.0,429.0,411.0,424.0,407.0,427.0,402.0,424.0,399.0,425.0,384.0,437.0,357.0,444.0,350.0,456.0,344.0,472.0,343.0,480.0,336.0,480.0,318.0,474.0,299.0,462.0,293.0,444.0,290.0,441.0,286.0,442.0,274.0]],"area":4391.0,"bbox":[403.0,269.0,77.0,150.0],"iscrowd":0,"attributes":{"occluded":false}},{"id":75,"image_id":10,"category_id":7,"segmentation":[[326.0,273.0,332.0,275.0,340.0,285.0,339.0,296.0,337.0,298.0,335.0,297.0,341.0,299.0,340.0,302.0,347.0,307.0,345.0,320.0,355.0,330.0,356.0,335.0,375.0,354.0,373.0,362.0,378.0,367.0,376.0,370.0,377.0,381.0,374.0,384.0,375.0,387.0,363.0,387.0,355.0,394.0,345.0,391.0,337.0,383.0,332.0,384.0,329.0,381.0,319.0,385.0,312.0,392.0,292.0,391.0,290.0,394.0,293.0,398.0,293.0,407.0,303.0,427.0,290.0,435.0,287.0,431.0,289.0,422.0,277.0,406.0,277.0,403.0,273.0,401.0,274.0,397.0,269.0,389.0,271.0,385.0,267.0,384.0,269.0,376.0,266.0,372.0,271.0,376.0,288.0,369.0,306.0,370.0,310.0,366.0,310.0,357.0,307.0,354.0,310.0,346.0,307.0,343.0,301.0,342.0,293.0,348.0,289.0,348.0,287.0,345.0,280.0,346.0,273.0,342.0,271.0,343.0,272.0,347.0,270.0,342.0,273.0,339.0,286.0,338.0,287.0,332.0,299.0,322.0,300.0,317.0,311.0,312.0,313.0,309.0,311.0,302.0,318.0,296.0,316.0,275.0,318.0,273.0]],"area":7233.0,"bbox":[266.0,273.0,112.0,162.0],"iscrowd":0,"attributes":{"occluded":false}},{"id":76,"image_id":10,"category_id":4,"segmentation":[[225.0,290.0,198.0,328.0,197.0,364.0,205.0,374.0,206.0,392.0,210.0,398.0,217.0,402.0,233.0,406.0,261.0,406.0,264.0,403.0,265.0,397.0,274.0,386.0,278.0,390.0,281.0,388.0,283.0,392.0,295.0,395.0,314.0,392.0,320.0,385.0,329.0,381.0,329.0,364.0,322.0,341.0,322.0,324.0,313.0,314.0,314.0,307.0,304.0,300.0,299.0,291.0,289.0,285.0,258.0,282.0,239.0,283.0]],"area":12885.0,"bbox":[197.0,282.0,132.0,124.0],"iscrowd":0,"attributes":{"occluded":false}},{"id":77,"image_id":10,"category_id":4,"segmentation":[[4.0,293.0,0.0,297.0,0.0,479.0,27.0,478.0,60.0,480.0,83.0,478.0,107.0,480.0,115.0,476.0,115.0,457.0,111.0,421.0,98.0,399.0,97.0,389.0,87.0,370.0,92.0,361.0,101.0,359.0,99.0,327.0,79.0,295.0,73.0,290.0,61.0,287.0,38.0,287.0,26.0,291.0]],"area":19072.0,"bbox":[0.0,287.0,115.0,193.0],"iscrowd":0,"attributes":{"occluded":false}},{"id":78,"image_id":10,"category_id":4,"segmentation":[[96.0,263.0,91.0,265.0,80.0,278.0,67.0,281.0,64.0,283.0,64.0,286.0,71.0,287.0,83.0,295.0,89.0,311.0,96.0,318.0,104.0,333.0,106.0,328.0,121.0,328.0,124.0,323.0,125.0,313.0,124.0,305.0,117.0,293.0,111.0,266.0,107.0,263.0]],"area":2178.0,"bbox":[64.0,263.0,61.0,70.0],"iscrowd":0,"attributes":{"occluded":false}},{"id":79,"image_id":11,"category_id":2,"segmentation":[[334.0,328.0,336.0,330.0,350.0,331.0,352.0,334.0,360.0,335.0,361.0,338.0,359.0,342.0,360.0,350.0,358.0,352.0,361.0,357.0,357.0,362.0,358.0,366.0,351.0,374.0,349.0,373.0,347.0,375.0,349.0,381.0,344.0,386.0,349.0,391.0,344.0,407.0,345.0,410.0,336.0,402.0,335.0,397.0,330.0,391.0,321.0,388.0,314.0,375.0,314.0,372.0,321.0,364.0,318.0,337.0,324.0,337.0]],"area":2299.0,"bbox":[314.0,328.0,47.0,82.0],"iscrowd":0,"attributes":{"occluded":false}},{"id":80,"image_id":11,"category_id":2,"segmentation":[[399.0,312.0,408.0,315.0,414.0,314.0,417.0,320.0,416.0,325.0,410.0,330.0,415.0,334.0,415.0,341.0,411.0,343.0,414.0,349.0,412.0,347.0,410.0,349.0,411.0,357.0,407.0,359.0,407.0,371.0,405.0,373.0,403.0,371.0,404.0,366.0,400.0,363.0,393.0,362.0,387.0,354.0,384.0,343.0,387.0,318.0]],"area":1303.0,"bbox":[384.0,312.0,33.0,61.0],"iscrowd":0,"attributes":{"occluded":false}},{"id":81,"image_id":11,"category_id":7,"segmentation":[[335.0,263.0,343.0,270.0,345.0,276.0,342.0,285.0,349.0,288.0,358.0,298.0,357.0,301.0,361.0,308.0,361.0,313.0,358.0,314.0,360.0,334.0,355.0,335.0,350.0,331.0,333.0,329.0,324.0,337.0,318.0,338.0,313.0,343.0,316.0,348.0,317.0,360.0,316.0,348.0,309.0,334.0,308.0,322.0,306.0,320.0,308.0,322.0,314.0,320.0,320.0,314.0,324.0,315.0,312.0,315.0,308.0,311.0,310.0,308.0,308.0,306.0,313.0,301.0,314.0,295.0,327.0,283.0,322.0,268.0,328.0,263.0]],"area":2553.0,"bbox":[306.0,263.0,55.0,97.0],"iscrowd":0,"attributes":{"occluded":false}},{"id":82,"image_id":11,"category_id":7,"segmentation":[[402.0,257.0,396.0,257.0,391.0,261.0,390.0,268.0,392.0,276.0,384.0,283.0,379.0,291.0,378.0,297.0,374.0,300.0,384.0,304.0,379.0,317.0,378.0,347.0,375.0,352.0,375.0,358.0,383.0,358.0,385.0,356.0,386.0,336.0,389.0,333.0,395.0,334.0,403.0,344.0,411.0,343.0,416.0,336.0,417.0,321.0,415.0,316.0,415.0,303.0,418.0,297.0,419.0,285.0,416.0,281.0,406.0,276.0,408.0,264.0]],"area":2682.0,"bbox":[374.0,257.0,45.0,101.0],"iscrowd":0,"attributes":{"occluded":false}},{"id":83,"image_id":11,"category_id":4,"segmentation":[[278.0,321.0,277.0,295.0,280.0,290.0,277.0,287.0,281.0,284.0,278.0,282.0,278.0,278.0,284.0,269.0,284.0,262.0,287.0,262.0,293.0,255.0,301.0,255.0,303.0,253.0,331.0,253.0,336.0,256.0,337.0,260.0,343.0,259.0,341.0,263.0,352.0,276.0,355.0,287.0,358.0,290.0,355.0,294.0,346.0,285.0,342.0,285.0,342.0,282.0,346.0,278.0,339.0,264.0,330.0,262.0,320.0,272.0,321.0,281.0,329.0,287.0,321.0,288.0,314.0,295.0,313.0,301.0,307.0,307.0,309.0,312.0,301.0,313.0,294.0,311.0,287.0,314.0,289.0,316.0,286.0,322.0]],"area":2646.0,"bbox":[277.0,253.0,81.0,69.0],"iscrowd":0,"attributes":{"occluded":false}},{"id":84,"image_id":11,"category_id":6,"segmentation":[[0.0,127.0,0.0,368.0,7.0,370.0,29.0,369.0,158.0,373.0,172.0,366.0,191.0,362.0,195.0,352.0,202.0,353.0,204.0,351.0,203.0,344.0,206.0,339.0,209.0,341.0,213.0,340.0,225.0,326.0,234.0,321.0,243.0,301.0,243.0,280.0,241.0,274.0,244.0,260.0,244.0,216.0,242.0,207.0,232.0,196.0,198.0,171.0,194.0,166.0,158.0,142.0,141.0,127.0,119.0,124.0,29.0,124.0]],"area":53531.0,"bbox":[0.0,124.0,244.0,249.0],"iscrowd":0,"attributes":{"occluded":false}},{"id":85,"image_id":12,"category_id":2,"segmentation":[[318.0,295.0,320.0,298.0,330.0,298.0,329.0,301.0,336.0,322.0,339.0,323.0,333.0,331.0,326.0,332.0,321.0,338.0,317.0,331.0,312.0,332.0,309.0,329.0,306.0,318.0,308.0,300.0]],"area":902.0,"bbox":[306.0,295.0,33.0,43.0],"iscrowd":0,"attributes":{"occluded":false}},{"id":86,"image_id":12,"category_id":2,"segmentation":[[351.0,287.0,359.0,292.0,368.0,304.0,362.0,311.0,359.0,312.0,358.0,310.0,354.0,317.0,346.0,310.0,345.0,296.0]],"area":406.0,"bbox":[345.0,287.0,23.0,30.0],"iscrowd":0,"attributes":{"occluded":false}},{"id":87,"image_id":12,"category_id":7,"segmentation":[[317.0,259.0,313.0,259.0,310.0,262.0,312.0,272.0,308.0,277.0,305.0,277.0,302.0,285.0,305.0,289.0,310.0,289.0,309.0,293.0,307.0,292.0,302.0,295.0,306.0,306.0,311.0,300.0,310.0,298.0,314.0,296.0,327.0,298.0,330.0,302.0,334.0,296.0,331.0,291.0,336.0,287.0,333.0,284.0,333.0,276.0,330.0,277.0,323.0,271.0,324.0,267.0]],"area":864.0,"bbox":[302.0,259.0,34.0,47.0],"iscrowd":0,"attributes":{"occluded":false}},{"id":88,"image_id":12,"category_id":7,"segmentation":[[356.0,265.0,345.0,267.0,345.0,271.0,340.0,276.0,340.0,280.0,346.0,281.0,344.0,282.0,346.0,285.0,344.0,283.0,341.0,285.0,343.0,297.0,340.0,301.0,343.0,304.0,345.0,303.0,345.0,294.0,349.0,289.0,356.0,290.0,360.0,293.0,360.0,296.0,364.0,297.0,365.0,294.0,363.0,294.0,361.0,282.0,365.0,277.0,364.0,273.0]],"area":545.0,"bbox":[340.0,265.0,25.0,39.0],"iscrowd":0,"attributes":{"occluded":false}},{"id":89,"image_id":12,"category_id":6,"segmentation":[[56.0,175.0,53.0,224.0,55.0,309.0,57.0,313.0,63.0,315.0,63.0,319.0,69.0,327.0,91.0,327.0,109.0,332.0,189.0,332.0,213.0,334.0,219.0,333.0,221.0,329.0,226.0,331.0,232.0,318.0,246.0,307.0,253.0,295.0,252.0,234.0,249.0,215.0,209.0,181.0,190.0,170.0,153.0,166.0,119.0,166.0,69.0,170.0]],"area":30106.0,"bbox":[53.0,166.0,200.0,168.0],"iscrowd":0,"attributes":{"occluded":false}},{"id":90,"image_id":12,"category_id":4,"segmentation":[[327.0,261.0,326.0,263.0,329.0,267.0,327.0,274.0,324.0,272.0,324.0,265.0,321.0,261.0,315.0,259.0,310.0,264.0,312.0,271.0,302.0,282.0,302.0,286.0,307.0,289.0,298.0,288.0,295.0,290.0,293.0,287.0,286.0,288.0,284.0,290.0,288.0,292.0,284.0,301.0,285.0,303.0,280.0,304.0,282.0,291.0,279.0,284.0,279.0,269.0,287.0,254.0,288.0,256.0,320.0,256.0]],"area":1058.0,"bbox":[279.0,254.0,50.0,50.0],"iscrowd":0,"attributes":{"occluded":false}},{"id":91,"image_id":13,"category_id":6,"segmentation":[[53.0,169.0,49.0,176.0,46.0,255.0,47.0,283.0,51.0,282.0,53.0,285.0,49.0,290.0,47.0,288.0,52.0,294.0,49.0,299.0,51.0,303.0,50.0,311.0,52.0,313.0,63.0,316.0,91.0,318.0,93.0,322.0,93.0,333.0,126.0,334.0,135.0,336.0,157.0,332.0,175.0,333.0,177.0,331.0,195.0,333.0,197.0,330.0,198.0,333.0,204.0,331.0,210.0,333.0,211.0,330.0,216.0,330.0,220.0,321.0,220.0,291.0,223.0,282.0,227.0,287.0,228.0,301.0,226.0,309.0,229.0,318.0,232.0,318.0,243.0,310.0,251.0,294.0,248.0,215.0,198.0,172.0,189.0,166.0,146.0,163.0,68.0,166.0]],"area":30683.0,"bbox":[46.0,163.0,205.0,173.0],"iscrowd":0,"attributes":{"occluded":false}},{"id":92,"image_id":13,"category_id":4,"segmentation":[[284.0,255.0,281.0,271.0,277.0,275.0,281.0,279.0,281.0,289.0,284.0,288.0,287.0,290.0,287.0,288.0,293.0,285.0,294.0,287.0,309.0,286.0,310.0,288.0,318.0,283.0,311.0,279.0,313.0,272.0,319.0,267.0,317.0,258.0,314.0,255.0]],"area":1090.0,"bbox":[277.0,255.0,42.0,35.0],"iscrowd":0,"attributes":{"occluded":false}},{"id":93,"image_id":13,"category_id":2,"segmentation":[[322.0,288.0,330.0,288.0,337.0,297.0,335.0,299.0,338.0,304.0,338.0,311.0,329.0,321.0,327.0,318.0,319.0,318.0,316.0,310.0,318.0,292.0]],"area":549.0,"bbox":[316.0,288.0,22.0,33.0],"iscrowd":0,"attributes":{"occluded":false}},{"id":94,"image_id":13,"category_id":2,"segmentation":[[346.0,282.0,351.0,282.0,352.0,280.0,351.0,283.0,361.0,292.0,358.0,308.0,350.0,307.0,346.0,302.0,344.0,285.0]],"area":314.0,"bbox":[344.0,280.0,17.0,28.0],"iscrowd":0,"attributes":{"occluded":false}},{"id":95,"image_id":13,"category_id":7,"segmentation":[[326.0,256.0,330.0,263.0,329.0,266.0,336.0,273.0,338.0,279.0,336.0,282.0,337.0,294.0,337.0,291.0,333.0,292.0,330.0,288.0,322.0,288.0,315.0,297.0,316.0,299.0,310.0,287.0,307.0,287.0,312.0,286.0,316.0,282.0,311.0,278.0,313.0,275.0,312.0,272.0,315.0,268.0,323.0,264.0,320.0,262.0,321.0,258.0,323.0,259.0]],"area":630.0,"bbox":[307.0,256.0,31.0,43.0],"iscrowd":0,"attributes":{"occluded":false}},{"id":96,"image_id":13,"category_id":7,"segmentation":[[358.0,257.0,355.0,262.0,357.0,265.0,359.0,264.0,363.0,267.0,361.0,269.0,362.0,271.0,358.0,273.0,360.0,284.0,357.0,288.0,351.0,282.0,346.0,282.0,343.0,285.0,343.0,290.0,342.0,277.0,344.0,274.0,341.0,267.0,346.0,262.0,347.0,254.0,356.0,258.0]],"area":426.0,"bbox":[341.0,254.0,22.0,36.0],"iscrowd":0,"attributes":{"occluded":false}},{"id":97,"image_id":14,"category_id":4,"segmentation":[[123.0,305.0,115.0,301.0,102.0,289.0,83.0,282.0,52.0,282.0,22.0,285.0,5.0,292.0,0.0,297.0,0.0,387.0,48.0,385.0,65.0,382.0,72.0,390.0,78.0,390.0,82.0,382.0,84.0,369.0,87.0,366.0,113.0,354.0,116.0,354.0,121.0,359.0,126.0,358.0,128.0,355.0,130.0,322.0]],"area":11369.0,"bbox":[0.0,282.0,130.0,108.0],"iscrowd":0,"attributes":{"occluded":false}},{"id":98,"image_id":14,"category_id":4,"segmentation":[[118.0,273.0,108.0,292.0,126.0,308.0,132.0,329.0,171.0,329.0,177.0,336.0,186.0,336.0,189.0,333.0,190.0,323.0,192.0,321.0,194.0,323.0,200.0,322.0,200.0,308.0,197.0,293.0,182.0,263.0,163.0,262.0,138.0,264.0,124.0,268.0]],"area":4906.0,"bbox":[108.0,262.0,92.0,74.0],"iscrowd":0,"attributes":{"occluded":false}},{"id":99,"image_id":14,"category_id":5,"segmentation":[[160.0,232.0,156.0,240.0,157.0,255.0,164.0,262.0,180.0,262.0,185.0,266.0,201.0,303.0,218.0,303.0,223.0,300.0,228.0,292.0,231.0,292.0,233.0,282.0,232.0,256.0,230.0,246.0,223.0,236.0,211.0,229.0,183.0,229.0]],"area":3800.0,"bbox":[156.0,229.0,77.0,74.0],"iscrowd":0,"attributes":{"occluded":false}},{"id":100,"image_id":14,"category_id":4,"segmentation":[[233.0,256.0,232.0,270.0,235.0,285.0,248.0,282.0,250.0,279.0,250.0,271.0,244.0,258.0,241.0,256.0]],"area":409.0,"bbox":[232.0,256.0,18.0,29.0],"iscrowd":0,"attributes":{"occluded":false}},{"id":101,"image_id":14,"category_id":4,"segmentation":[[243.0,256.0,252.0,277.0,258.0,278.0,265.0,273.0,268.0,268.0,268.0,261.0,259.0,256.0]],"area":379.0,"bbox":[243.0,256.0,25.0,22.0],"iscrowd":0,"attributes":{"occluded":false}},{"id":102,"image_id":14,"category_id":4,"segmentation":[[299.0,254.0,296.0,258.0,296.0,278.0,320.0,278.0,322.0,264.0,318.0,254.0]],"area":583.0,"bbox":[296.0,254.0,26.0,24.0],"iscrowd":0,"attributes":{"occluded":false}},{"id":103,"image_id":14,"category_id":7,"segmentation":[[332.0,255.0,339.0,261.0,337.0,269.0,344.0,275.0,344.0,280.0,347.0,283.0,346.0,288.0,350.0,293.0,347.0,296.0,343.0,289.0,332.0,288.0,326.0,292.0,324.0,296.0,326.0,300.0,321.0,290.0,321.0,287.0,326.0,283.0,322.0,279.0,327.0,275.0,326.0,271.0]],"area":541.0,"bbox":[321.0,255.0,29.0,45.0],"iscrowd":0,"attributes":{"occluded":false}},{"id":104,"image_id":14,"category_id":7,"segmentation":[[344.0,255.0,341.0,261.0,343.0,264.0,338.0,270.0,347.0,283.0,346.0,287.0,354.0,281.0,353.0,275.0,349.0,272.0,351.0,267.0,349.0,261.0]],"area":242.0,"bbox":[338.0,255.0,16.0,32.0],"iscrowd":0,"attributes":{"occluded":false}},{"id":105,"image_id":14,"category_id":2,"segmentation":[[325.0,289.0,326.0,304.0,329.0,307.0,328.0,312.0,335.0,316.0,337.0,314.0,341.0,318.0,339.0,316.0,348.0,310.0,345.0,307.0,348.0,298.0,343.0,289.0,336.0,287.0,329.0,291.0]],"area":491.0,"bbox":[325.0,287.0,23.0,31.0],"iscrowd":0,"attributes":{"occluded":false}},{"id":106,"image_id":14,"category_id":2,"segmentation":[[344.0,283.0,351.0,283.0,352.0,289.0,357.0,292.0,357.0,303.0,352.0,304.0,346.0,299.0,349.0,295.0,344.0,291.0,346.0,287.0]],"area":173.0,"bbox":[344.0,283.0,13.0,21.0],"iscrowd":0,"attributes":{"occluded":false}},{"id":107,"image_id":15,"category_id":4,"segmentation":[[127.0,265.0,119.0,263.0,87.0,264.0,65.0,268.0,54.0,273.0,29.0,304.0,26.0,311.0,25.0,338.0,28.0,345.0,34.0,350.0,41.0,349.0,50.0,342.0,98.0,337.0,103.0,339.0,105.0,345.0,115.0,345.0,119.0,340.0,119.0,329.0,122.0,325.0,135.0,320.0,137.0,327.0,145.0,328.0,144.0,302.0,138.0,283.0,129.0,272.0]],"area":7663.0,"bbox":[25.0,263.0,120.0,87.0],"iscrowd":0,"attributes":{"occluded":false}},{"id":108,"image_id":15,"category_id":4,"segmentation":[[139.0,264.0,135.0,277.0,145.0,303.0,175.0,303.0,180.0,309.0,186.0,309.0,189.0,307.0,191.0,296.0,194.0,301.0,199.0,301.0,199.0,281.0,194.0,268.0,187.0,258.0,182.0,256.0,161.0,256.0,145.0,259.0]],"area":2655.0,"bbox":[135.0,256.0,64.0,53.0],"iscrowd":0,"attributes":{"occluded":false}},{"id":109,"image_id":15,"category_id":4,"segmentation":[[188.0,257.0,191.0,265.0,201.0,277.0,201.0,288.0,219.0,291.0,221.0,288.0,226.0,287.0,226.0,276.0,216.0,257.0,211.0,255.0]],"area":886.0,"bbox":[188.0,255.0,38.0,36.0],"iscrowd":0,"attributes":{"occluded":false}},{"id":110,"image_id":15,"category_id":4,"segmentation":[[219.0,259.0,226.0,278.0,241.0,278.0,243.0,276.0,242.0,264.0,236.0,257.0,222.0,257.0]],"area":398.0,"bbox":[219.0,257.0,24.0,21.0],"iscrowd":0,"attributes":{"occluded":false}},{"id":111,"image_id":15,"category_id":4,"segmentation":[[303.0,250.0,299.0,257.0,299.0,277.0,311.0,277.0,322.0,274.0,324.0,270.0,322.0,251.0]],"area":604.0,"bbox":[299.0,250.0,25.0,27.0],"iscrowd":0,"attributes":{"occluded":false}},{"id":112,"image_id":15,"category_id":2,"segmentation":[[346.0,283.0,352.0,285.0,352.0,290.0,359.0,288.0,363.0,293.0,359.0,299.0,360.0,307.0,355.0,314.0,348.0,307.0,345.0,307.0,347.0,306.0,345.0,297.0,348.0,297.0,342.0,286.0]],"area":345.0,"bbox":[342.0,283.0,21.0,31.0],"iscrowd":0,"attributes":{"occluded":false}},{"id":113,"image_id":15,"category_id":7,"segmentation":[[348.0,254.0,346.0,254.0,356.0,269.0,353.0,278.0,359.0,283.0,359.0,288.0,352.0,290.0,351.0,284.0,347.0,282.0,342.0,286.0,347.0,292.0,345.0,297.0,346.0,301.0,340.0,307.0,337.0,304.0,341.0,294.0,336.0,291.0,333.0,284.0,339.0,279.0,334.0,275.0]],"area":598.0,"bbox":[333.0,254.0,26.0,53.0],"iscrowd":0,"attributes":{"occluded":false}},{"id":114,"image_id":16,"category_id":4,"segmentation":[[231.0,258.0,221.0,281.0,222.0,288.0,226.0,294.0,274.0,294.0,277.0,289.0,275.0,268.0,266.0,254.0,243.0,253.0]],"area":1939.0,"bbox":[221.0,253.0,56.0,41.0],"iscrowd":0,"attributes":{"occluded":false}},{"id":115,"image_id":16,"category_id":4,"segmentation":[[300.0,243.0,293.0,267.0,292.0,292.0,289.0,305.0,289.0,322.0,292.0,339.0,326.0,339.0,339.0,343.0,359.0,343.0,366.0,340.0,399.0,340.0,401.0,338.0,402.0,316.0,399.0,279.0,392.0,255.0,386.0,244.0,381.0,242.0,326.0,240.0,304.0,241.0]],"area":10481.0,"bbox":[289.0,240.0,113.0,103.0],"iscrowd":0,"attributes":{"occluded":false}},{"id":116,"image_id":16,"category_id":4,"segmentation":[[216.0,257.0,197.0,257.0,194.0,267.0,189.0,270.0,184.0,269.0,180.0,285.0,182.0,287.0,216.0,286.0,218.0,278.0]],"area":875.0,"bbox":[180.0,257.0,38.0,30.0],"iscrowd":0,"attributes":{"occluded":false}},{"id":117,"image_id":16,"category_id":4,"segmentation":[[147.0,269.0,137.0,258.0,106.0,258.0,87.0,276.0,87.0,293.0,89.0,295.0,122.0,294.0,145.0,288.0,148.0,286.0]],"area":1878.0,"bbox":[87.0,258.0,61.0,37.0],"iscrowd":0,"attributes":{"occluded":false}},{"id":118,"image_id":16,"category_id":4,"segmentation":[[185.0,249.0,167.0,249.0,147.0,264.0,149.0,284.0,160.0,285.0,176.0,281.0,183.0,274.0,185.0,268.0]],"area":1073.0,"bbox":[147.0,249.0,38.0,36.0],"iscrowd":0,"attributes":{"occluded":false}},{"id":119,"image_id":16,"category_id":4,"segmentation":[[624.0,358.0,603.0,360.0,595.0,366.0,585.0,398.0,584.0,417.0,586.0,430.0,591.0,442.0,593.0,475.0,598.0,489.0,608.0,492.0,610.0,490.0,616.0,490.0,618.0,492.0,624.0,489.0]],"area":4432.0,"bbox":[584.0,358.0,40.0,134.0],"iscrowd":0,"attributes":{"occluded":false}},{"id":120,"image_id":16,"category_id":2,"segmentation":[[436.0,257.0,431.0,260.0,431.0,271.0,429.0,274.0,433.0,306.0,441.0,313.0,447.0,313.0,451.0,307.0,453.0,281.0,446.0,264.0,441.0,258.0]],"area":1005.0,"bbox":[429.0,257.0,24.0,56.0],"iscrowd":0,"attributes":{"occluded":false}},{"id":121,"image_id":16,"category_id":1,"segmentation":[[576.0,257.0,575.0,264.0,583.0,272.0,589.0,273.0,596.0,281.0,590.0,287.0,593.0,291.0,586.0,301.0,588.0,305.0,584.0,311.0,586.0,315.0,583.0,320.0,586.0,323.0,582.0,329.0,584.0,335.0,582.0,339.0,569.0,335.0,572.0,329.0,569.0,327.0,574.0,314.0,568.0,308.0,568.0,302.0,565.0,298.0,568.0,294.0,566.0,288.0,571.0,278.0,568.0,275.0,572.0,271.0,571.0,269.0]],"area":1257.0,"bbox":[565.0,257.0,31.0,82.0],"iscrowd":0,"attributes":{"occluded":false}},{"id":122,"image_id":16,"category_id":4,"segmentation":[[539.0,262.0,536.0,271.0,516.0,289.0,517.0,293.0,515.0,298.0,517.0,305.0,514.0,305.0,520.0,309.0,523.0,315.0,532.0,313.0,547.0,317.0,564.0,330.0,571.0,325.0,573.0,318.0,567.0,309.0,564.0,294.0,566.0,295.0,568.0,293.0,566.0,288.0,569.0,284.0,568.0,275.0,575.0,268.0,575.0,263.0,570.0,259.0,550.0,262.0,544.0,260.0]],"area":2656.0,"bbox":[514.0,259.0,61.0,71.0],"iscrowd":0,"attributes":{"occluded":false}},{"id":123,"image_id":17,"category_id":4,"segmentation":[[254.0,242.0,243.0,279.0,239.0,286.0,233.0,335.0,229.0,409.0,233.0,450.0,238.0,462.0,258.0,465.0,327.0,467.0,343.0,470.0,377.0,471.0,407.0,466.0,422.0,467.0,469.0,464.0,481.0,460.0,484.0,452.0,484.0,437.0,482.0,431.0,483.0,363.0,480.0,337.0,471.0,294.0,463.0,274.0,462.0,264.0,457.0,250.0,453.0,244.0,443.0,241.0,411.0,238.0,285.0,237.0,282.0,235.0,259.0,238.0]],"area":54877.0,"bbox":[229.0,235.0,255.0,236.0],"iscrowd":0,"attributes":{"occluded":false}},{"id":124,"image_id":17,"category_id":4,"segmentation":[[478.0,278.0,472.0,288.0,472.0,297.0,479.0,322.0,483.0,360.0,499.0,371.0,501.0,388.0,506.0,399.0,523.0,399.0,527.0,394.0,528.0,388.0,538.0,384.0,543.0,379.0,605.0,378.0,615.0,380.0,617.0,382.0,617.0,389.0,624.0,392.0,624.0,262.0,616.0,259.0,582.0,259.0,552.0,263.0,547.0,259.0,523.0,258.0,514.0,259.0,508.0,263.0,493.0,264.0]],"area":17544.0,"bbox":[472.0,258.0,152.0,141.0],"iscrowd":0,"attributes":{"occluded":false}},{"id":125,"image_id":17,"category_id":4,"segmentation":[[147.0,256.0,138.0,245.0,112.0,246.0,98.0,259.0,95.0,266.0,95.0,278.0,98.0,280.0,133.0,280.0,145.0,278.0,149.0,270.0]],"area":1598.0,"bbox":[95.0,245.0,54.0,35.0],"iscrowd":0,"attributes":{"occluded":false}},{"id":126,"image_id":17,"category_id":4,"segmentation":[[181.0,250.0,174.0,244.0,157.0,247.0,148.0,256.0,149.0,268.0,182.0,265.0,183.0,257.0]],"area":649.0,"bbox":[148.0,244.0,35.0,24.0],"iscrowd":0,"attributes":{"occluded":false}},{"id":127,"image_id":18,"category_id":4,"segmentation":[[278.0,294.0,278.0,303.0,291.0,307.0,286.0,319.0,286.0,379.0,288.0,404.0,293.0,419.0,311.0,419.0,312.0,409.0,319.0,402.0,332.0,399.0,372.0,399.0,378.0,397.0,432.0,398.0,435.0,413.0,442.0,417.0,457.0,415.0,461.0,404.0,468.0,400.0,468.0,358.0,466.0,354.0,464.0,326.0,449.0,292.0,433.0,268.0,422.0,263.0,335.0,263.0,318.0,265.0,312.0,272.0,306.0,274.0,294.0,295.0,291.0,293.0]],"area":23707.0,"bbox":[278.0,263.0,190.0,156.0],"iscrowd":0,"attributes":{"occluded":false}},{"id":128,"image_id":18,"category_id":4,"segmentation":[[305.0,249.0,291.0,249.0,282.0,264.0,281.0,278.0,283.0,282.0,287.0,279.0,301.0,279.0,311.0,265.0]],"area":701.0,"bbox":[281.0,249.0,30.0,33.0],"iscrowd":0,"attributes":{"occluded":false}},{"id":129,"image_id":18,"category_id":4,"segmentation":[[252.0,246.0,249.0,258.0,250.0,270.0,273.0,270.0,275.0,257.0,272.0,247.0,269.0,245.0]],"area":578.0,"bbox":[249.0,245.0,26.0,25.0],"iscrowd":0,"attributes":{"occluded":false}},{"id":130,"image_id":19,"category_id":4,"segmentation":[[385.0,264.0,373.0,257.0,295.0,259.0,287.0,262.0,281.0,268.0,272.0,286.0,262.0,286.0,259.0,289.0,261.0,294.0,269.0,297.0,259.0,329.0,260.0,377.0,266.0,393.0,280.0,394.0,283.0,384.0,289.0,379.0,307.0,376.0,338.0,377.0,347.0,375.0,382.0,378.0,388.0,382.0,394.0,394.0,406.0,394.0,409.0,392.0,411.0,384.0,416.0,380.0,416.0,356.0,413.0,344.0,412.0,317.0,395.0,278.0]],"area":17395.0,"bbox":[259.0,257.0,157.0,137.0],"iscrowd":0,"attributes":{"occluded":false}},{"id":131,"image_id":19,"category_id":1,"segmentation":[[503.0,240.0,499.0,255.0,500.0,280.0,504.0,294.0,502.0,301.0,511.0,303.0,513.0,301.0,512.0,285.0,516.0,276.0,516.0,261.0,509.0,241.0]],"area":781.0,"bbox":[499.0,240.0,17.0,63.0],"iscrowd":0,"attributes":{"occluded":false}},{"id":132,"image_id":19,"category_id":1,"segmentation":[[459.0,244.0,455.0,258.0,455.0,273.0,461.0,287.0,461.0,299.0,466.0,299.0,470.0,297.0,469.0,280.0,473.0,272.0,471.0,256.0,465.0,245.0]],"area":681.0,"bbox":[455.0,244.0,18.0,55.0],"iscrowd":0,"attributes":{"occluded":false}},{"id":133,"image_id":20,"category_id":4,"segmentation":[[333.0,248.0,317.0,245.0,308.0,248.0,288.0,249.0,283.0,253.0,279.0,263.0,275.0,266.0,276.0,271.0,272.0,285.0,272.0,309.0,275.0,319.0,282.0,319.0,287.0,310.0,314.0,310.0,321.0,308.0,335.0,311.0,341.0,319.0,350.0,318.0,352.0,300.0,350.0,281.0,347.0,274.0,348.0,266.0,341.0,260.0]],"area":4651.0,"bbox":[272.0,245.0,80.0,74.0],"iscrowd":0,"attributes":{"occluded":false}},{"id":134,"image_id":20,"category_id":4,"segmentation":[[22.0,312.0,20.0,324.0,22.0,355.0,47.0,363.0,52.0,360.0,102.0,360.0,119.0,357.0,132.0,359.0,137.0,369.0,146.0,371.0,150.0,367.0,152.0,350.0,172.0,335.0,178.0,338.0,180.0,332.0,180.0,307.0,176.0,298.0,169.0,294.0,151.0,275.0,143.0,270.0,85.0,269.0,65.0,272.0,56.0,276.0]],"area":12371.0,"bbox":[20.0,269.0,160.0,102.0],"iscrowd":0,"attributes":{"occluded":false}},{"id":135,"image_id":20,"category_id":4,"segmentation":[[0.0,350.0,0.0,459.0,13.0,450.0,21.0,457.0,28.0,458.0,35.0,452.0,41.0,432.0,42.0,417.0,39.0,379.0,33.0,365.0,26.0,359.0,10.0,360.0,6.0,352.0]],"area":3758.0,"bbox":[0.0,350.0,42.0,109.0],"iscrowd":0,"attributes":{"occluded":false}},{"id":136,"image_id":20,"category_id":4,"segmentation":[[159.0,246.0,150.0,258.0,148.0,273.0,153.0,275.0,169.0,294.0,175.0,296.0,182.0,309.0,202.0,307.0,209.0,309.0,212.0,316.0,221.0,316.0,222.0,306.0,225.0,302.0,234.0,305.0,235.0,279.0,224.0,248.0,209.0,242.0]],"area":4577.0,"bbox":[148.0,242.0,87.0,74.0],"iscrowd":0,"attributes":{"occluded":false}},{"id":137,"image_id":20,"category_id":4,"segmentation":[[227.0,247.0,226.0,251.0,233.0,271.0,236.0,288.0,255.0,293.0,257.0,286.0,263.0,284.0,263.0,272.0,253.0,250.0,245.0,246.0]],"area":1192.0,"bbox":[226.0,246.0,37.0,47.0],"iscrowd":0,"attributes":{"occluded":false}},{"id":138,"image_id":20,"category_id":2,"segmentation":[[554.0,342.0,566.0,350.0,568.0,357.0,563.0,363.0,562.0,370.0,566.0,373.0,564.0,376.0,566.0,375.0,568.0,377.0,567.0,383.0,575.0,393.0,567.0,402.0,565.0,401.0,559.0,406.0,556.0,419.0,553.0,422.0,542.0,411.0,537.0,413.0,521.0,397.0,519.0,398.0,513.0,392.0,513.0,385.0,517.0,379.0,515.0,378.0,518.0,379.0,522.0,376.0,522.0,367.0,526.0,363.0,526.0,355.0,535.84,351.79,542.0,347.0,547.0,347.0]],"area":2866.0,"bbox":[513.0,342.0,62.0,80.0],"iscrowd":0,"attributes":{"occluded":false}},{"id":139,"image_id":20,"category_id":2,"segmentation":[[414.0,280.0,417.0,283.0,417.0,292.0,413.0,293.0,416.0,295.0,411.0,301.0,412.0,304.0,409.0,306.0,406.0,304.0,407.0,299.0,405.0,297.0,403.0,299.0,399.0,297.0,399.0,290.0,403.0,283.0]],"area":302.0,"bbox":[399.0,280.0,18.0,26.0],"iscrowd":0,"attributes":{"occluded":false}},{"id":140,"image_id":20,"category_id":7,"segmentation":[[535.0,273.0,542.0,283.0,540.0,293.0,546.0,297.0,552.0,297.0,556.0,301.0,566.0,320.0,559.0,321.0,555.0,325.0,559.0,336.0,551.0,345.0,542.0,347.0,534.0,354.0,530.0,351.0,530.0,354.0,523.0,363.0,522.0,376.0,513.0,385.0,508.0,381.0,502.0,339.0,511.0,332.0,516.0,332.0,512.0,327.0,506.0,329.0,500.0,325.0,507.0,322.0,510.0,318.0,509.0,314.0,521.0,302.0,526.0,302.0,527.0,300.0,523.0,292.0,527.0,290.0,522.0,285.0,528.0,274.0]],"area":3435.0,"bbox":[500.0,273.0,66.0,112.0],"iscrowd":0,"attributes":{"occluded":false}},{"id":141,"image_id":20,"category_id":7,"segmentation":[[405.0,251.0,408.0,253.0,409.0,260.0,419.0,265.0,417.0,269.0,418.0,274.0,413.0,277.0,411.0,282.0,400.0,285.0,400.0,294.0,396.0,300.0,393.0,295.0,396.0,293.0,399.0,274.0,395.0,274.0,390.0,267.0,396.0,266.0,402.0,261.0,403.0,252.0]],"area":537.0,"bbox":[390.0,251.0,29.0,49.0],"iscrowd":0,"attributes":{"occluded":false}},{"id":142,"image_id":20,"category_id":4,"segmentation":[[447.0,271.0,449.0,283.0,454.0,287.0,463.0,288.0,467.0,301.0,471.0,304.0,477.0,303.0,480.0,295.0,485.0,292.0,515.0,294.0,517.0,292.0,540.0,288.0,542.0,284.0,521.0,252.0,513.0,248.0,466.0,248.0]],"area":3544.0,"bbox":[447.0,248.0,95.0,56.0],"iscrowd":0,"attributes":{"occluded":false}},{"id":143,"image_id":21,"category_id":4,"segmentation":[[286.0,245.0,279.0,259.0,273.0,264.0,272.0,304.0,275.0,317.0,279.0,319.0,285.0,318.0,287.0,312.0,292.0,308.0,321.0,308.0,325.0,306.0,340.0,309.0,344.0,317.0,353.0,317.0,355.0,294.0,352.0,275.0,349.0,270.0,351.0,262.0,346.0,261.0,332.0,243.0,313.0,243.0,307.0,245.0,294.0,243.0]],"area":4987.0,"bbox":[272.0,243.0,83.0,76.0],"iscrowd":0,"attributes":{"occluded":false}},{"id":144,"image_id":21,"category_id":4,"segmentation":[[47.0,289.0,49.0,316.0,56.0,323.0,116.0,319.0,123.0,321.0,126.0,325.0,133.0,320.0,130.0,284.0,119.0,269.0,111.0,264.0,90.0,263.0,76.0,265.0,69.0,268.0,55.0,285.0]],"area":4225.0,"bbox":[47.0,263.0,86.0,62.0],"iscrowd":0,"attributes":{"occluded":false}},{"id":145,"image_id":21,"category_id":4,"segmentation":[[167.0,249.0,161.0,240.0,136.0,243.0,131.0,248.0,130.0,259.0,124.0,265.0,124.0,268.0,132.0,271.0,165.0,268.0]],"area":1014.0,"bbox":[124.0,240.0,43.0,31.0],"iscrowd":0,"attributes":{"occluded":false}},{"id":146,"image_id":21,"category_id":5,"segmentation":[[1.53,432.26,5.0,414.0,3.0,389.0,13.0,385.0,5.0,381.0,11.0,383.0,23.0,378.0,32.0,378.0,33.0,375.0,31.0,374.0,33.0,376.0,32.0,378.0,39.0,378.0,42.0,374.0,46.0,373.0,49.0,369.0,45.0,365.0,46.0,362.0,42.0,359.0,42.0,352.0,40.0,350.0,43.0,348.0,45.0,342.0,48.0,344.0,51.0,342.0,53.0,337.0,52.0,333.0,59.0,330.0,45.0,313.0,46.0,305.0,44.0,303.0,44.0,294.0,41.0,290.0,41.0,284.0,47.0,278.0,43.0,269.0,46.0,266.0,54.0,266.0,54.0,257.0,43.0,248.0,28.0,229.0,21.0,230.0,19.0,227.0,8.0,226.0,0.0,227.0]],"area":6955.0,"bbox":[0.0,226.0,59.0,206.26],"iscrowd":0,"attributes":{"occluded":false}},{"id":147,"image_id":21,"category_id":2,"segmentation":[[503.0,339.0,514.0,345.0,518.0,343.0,521.0,353.0,519.0,356.0,520.0,376.0,517.0,379.0,519.0,381.0,515.0,379.0,512.0,382.0,512.0,395.0,504.0,399.0,501.0,404.0,501.0,413.0,495.0,408.0,496.0,403.0,492.0,399.0,483.0,398.0,484.0,396.0,482.0,397.0,474.0,391.0,474.0,388.0,471.0,386.0,473.0,387.0,471.0,373.0,481.0,364.0,482.0,349.0,491.0,343.0]],"area":2271.0,"bbox":[471.0,339.0,50.0,74.0],"iscrowd":0,"attributes":{"occluded":false}},{"id":148,"image_id":21,"category_id":2,"segmentation":[[564.0,292.0,567.0,298.0,574.0,298.0,582.0,292.0,588.0,296.0,588.0,299.0,592.0,299.0,600.0,291.0,602.0,296.0,622.0,298.0,617.0,288.0,622.0,283.0,620.0,282.0,622.0,280.0,618.0,276.0,620.0,273.0,616.0,268.0,605.0,273.0,604.0,276.0,606.0,278.0,603.0,279.0,602.0,284.0,604.0,285.0,594.0,284.0,592.0,286.0,598.0,284.0,599.0,272.0,588.0,265.0,583.0,265.0,570.0,280.0,572.0,284.0]],"area":1254.0,"bbox":[564.0,265.0,58.0,34.0],"iscrowd":0,"attributes":{"occluded":false}},{"id":149,"image_id":21,"category_id":7,"segmentation":[[498.0,268.0,487.0,269.0,486.0,284.0,490.0,291.0,493.0,291.0,491.0,290.0,480.0,297.0,472.0,307.0,469.0,307.0,469.0,310.0,463.0,310.0,461.0,313.0,466.0,319.0,474.0,321.0,481.0,318.0,484.0,321.0,468.0,326.0,465.0,331.0,465.0,339.0,469.0,353.0,469.0,366.0,473.0,370.0,479.0,365.0,479.0,357.0,482.0,349.0,490.0,343.0,505.0,339.0,514.0,345.0,520.0,343.0,518.0,342.0,519.0,332.0,516.0,326.0,517.0,317.0,519.0,315.0,526.0,316.0,529.0,313.0,529.0,306.0,527.0,306.0,518.0,294.0,503.0,288.0,506.0,279.0]],"area":3226.0,"bbox":[461.0,268.0,68.0,102.0],"iscrowd":0,"attributes":{"occluded":false}},{"id":150,"image_id":21,"category_id":7,"segmentation":[[604.0,244.0,602.0,246.0,603.0,248.0,597.0,252.0,585.0,252.0,590.0,262.0,594.0,263.0,598.0,268.0,598.0,279.0,601.0,283.0,603.0,282.0,605.0,273.0,614.0,267.0,612.0,261.0,615.0,255.0]],"area":532.0,"bbox":[585.0,244.0,30.0,39.0],"iscrowd":0,"attributes":{"occluded":false}},{"id":151,"image_id":22,"category_id":4,"segmentation":[[283.0,255.0,269.0,273.0,267.0,291.0,267.0,317.0,269.0,326.0,279.0,327.0,280.0,320.0,284.0,317.0,319.0,316.0,335.0,319.0,338.0,328.0,347.0,328.0,350.0,318.0,349.0,289.0,347.0,283.0,350.0,275.0,349.0,272.0,340.0,269.0,333.0,255.0,324.0,253.0]],"area":5017.0,"bbox":[267.0,253.0,83.0,75.0],"iscrowd":0,"attributes":{"occluded":false}},{"id":152,"image_id":22,"category_id":4,"segmentation":[[202.0,263.0,191.0,251.0,165.0,253.0,160.0,255.0,148.0,268.0,147.0,281.0,149.0,284.0,192.0,284.0,195.0,280.0,203.0,279.0]],"area":1530.0,"bbox":[147.0,251.0,56.0,33.0],"iscrowd":0,"attributes":{"occluded":false}},{"id":153,"image_id":22,"category_id":4,"segmentation":[[95.0,271.0,87.0,254.0,66.0,254.0,60.0,258.0,58.0,263.0,49.0,265.0,40.0,273.0,40.0,279.0,42.0,281.0,53.0,282.0,73.0,281.0,89.0,275.0,91.0,278.0,95.0,277.0]],"area":1110.0,"bbox":[40.0,254.0,55.0,28.0],"iscrowd":0,"attributes":{"occluded":false}},{"id":154,"image_id":22,"category_id":7,"segmentation":[[482.0,265.0,491.0,273.0,494.0,282.0,502.0,290.0,494.0,299.0,497.0,312.0,494.0,315.0,485.0,313.0,477.0,318.0,475.0,317.0,472.0,320.0,472.0,327.0,466.0,329.0,462.0,306.0,467.0,302.0,473.0,301.0,473.0,299.0,462.0,297.0,461.0,295.0,473.0,283.0,479.0,280.0,477.0,265.0]],"area":1333.0,"bbox":[461.0,265.0,41.0,64.0],"iscrowd":0,"attributes":{"occluded":false}},{"id":155,"image_id":22,"category_id":2,"segmentation":[[497.23,314.0,497.0,328.0,491.0,337.0,493.0,340.0,486.0,349.0,485.0,345.0,476.0,344.0,468.0,338.0,467.0,331.0,472.0,327.0,472.0,321.0,487.0,311.0]],"area":729.0,"bbox":[467.0,311.0,30.23,38.0],"iscrowd":0,"attributes":{"occluded":false}},{"id":156,"image_id":22,"category_id":4,"segmentation":[[288.0,248.0,281.0,244.0,271.0,245.0,266.0,254.0,267.0,264.0,277.0,263.0,283.0,255.0,289.0,253.0]],"area":307.0,"bbox":[266.0,244.0,23.0,20.0],"iscrowd":0,"attributes":{"occluded":false}},{"id":157,"image_id":23,"category_id":4,"segmentation":[[275.0,253.0,267.0,268.0,259.0,274.0,262.0,281.0,257.0,295.0,256.0,318.0,260.0,344.0,263.0,346.0,271.0,346.0,274.0,343.0,274.0,338.0,281.0,334.0,293.0,332.0,328.0,332.0,346.0,336.0,350.0,346.0,361.0,346.0,366.0,333.0,366.0,319.0,363.0,293.0,358.0,279.0,361.0,277.0,360.0,271.0,354.0,270.0,347.0,257.0,335.0,248.0,298.0,247.0]],"area":8651.0,"bbox":[256.0,247.0,110.0,99.0],"iscrowd":0,"attributes":{"occluded":false}},{"id":158,"image_id":23,"category_id":4,"segmentation":[[242.0,242.0,238.0,250.0,239.0,264.0,243.0,262.0,260.0,263.0,267.0,260.0,267.0,250.0,261.0,240.0,250.0,239.0]],"area":590.0,"bbox":[238.0,239.0,29.0,25.0],"iscrowd":0,"attributes":{"occluded":false}},{"id":159,"image_id":23,"category_id":2,"segmentation":[[464.0,281.0,467.0,286.0,465.0,289.0,467.0,295.0,466.0,301.0,462.0,305.0,464.0,307.0,461.0,318.0,459.0,318.0,455.0,313.0,449.0,313.0,448.0,307.0,448.0,310.0,445.0,310.0,442.0,296.0,443.0,300.0,446.0,301.0,450.0,286.0,452.0,288.0]],"area":542.0,"bbox":[442.0,281.0,25.0,37.0],"iscrowd":0,"attributes":{"occluded":false}},{"id":160,"image_id":23,"category_id":7,"segmentation":[[460.0,252.0,464.0,258.0,460.0,261.0,470.0,272.0,470.0,275.0,466.0,276.0,464.0,280.0,452.0,284.0,448.0,292.0,448.0,299.0,444.0,301.0,439.0,283.0,449.0,279.0,438.0,276.0,453.0,261.0,451.0,252.0,458.0,254.0]],"area":664.0,"bbox":[438.0,252.0,32.0,49.0],"iscrowd":0,"attributes":{"occluded":false}},{"id":161,"image_id":24,"category_id":4,"segmentation":[[388.0,264.0,375.0,257.0,359.0,257.0,342.0,251.0,340.0,253.0,287.0,253.0,268.0,258.0,254.0,259.0,243.0,263.0,239.0,267.0,221.0,299.0,206.0,345.0,205.0,416.0,208.0,434.0,220.0,452.0,239.0,451.0,243.0,446.0,244.0,435.0,251.0,431.0,342.0,432.0,393.0,429.0,396.0,432.0,398.0,443.0,403.0,450.0,423.0,449.0,426.0,439.0,434.0,433.0,434.0,394.0,429.0,347.0,410.0,298.0,400.0,279.0]],"area":37311.0,"bbox":[205.0,251.0,229.0,201.0],"iscrowd":0,"attributes":{"occluded":false}},{"id":162,"image_id":24,"category_id":4,"segmentation":[[194.0,242.0,179.0,234.0,165.0,233.0,86.0,234.0,64.0,237.0,59.0,244.0,59.0,250.0,50.0,272.0,48.0,318.0,51.0,342.0,57.0,345.0,82.0,345.0,89.0,348.0,101.0,349.0,125.0,348.0,134.0,345.0,178.0,346.0,181.0,355.0,187.0,356.0,189.0,353.0,190.0,338.0,208.0,323.0,213.0,316.0,216.0,293.0,215.0,283.0,203.0,266.0,199.0,250.0]],"area":17216.0,"bbox":[48.0,233.0,168.0,123.0],"iscrowd":0,"attributes":{"occluded":false}},{"id":163,"image_id":24,"category_id":4,"segmentation":[[251.0,245.0,245.0,243.0,224.0,245.0,221.0,249.0,218.0,262.0,220.0,273.0,234.0,271.0,238.0,268.0,241.0,263.0,251.0,256.0,253.0,251.0]],"area":728.0,"bbox":[218.0,243.0,35.0,30.0],"iscrowd":0,"attributes":{"occluded":false}},{"id":164,"image_id":25,"category_id":4,"segmentation":[[293.0,252.0,287.0,266.0,288.0,280.0,323.0,278.0,323.0,266.0,315.0,251.0,297.0,250.0]],"area":905.0,"bbox":[287.0,250.0,36.0,30.0],"iscrowd":0,"attributes":{"occluded":false}},{"id":165,"image_id":26,"category_id":4,"segmentation":[[298.0,253.0,293.0,264.0,293.0,279.0,329.0,279.0,328.0,262.0,320.0,251.0,306.0,250.0]],"area":912.0,"bbox":[293.0,250.0,36.0,29.0],"iscrowd":0,"attributes":{"occluded":false}},{"id":166,"image_id":27,"category_id":4,"segmentation":[[298.0,250.0,292.0,261.0,292.0,282.0,329.0,282.0,331.0,263.0,322.0,249.0]],"area":1156.0,"bbox":[292.0,249.0,39.0,33.0],"iscrowd":0,"attributes":{"occluded":false}},{"id":167,"image_id":28,"category_id":4,"segmentation":[[299.0,255.0,293.0,268.0,294.0,284.0,325.0,286.0,333.0,284.0,330.0,262.0,326.0,254.0,321.0,252.0,303.0,252.0]],"area":1157.0,"bbox":[293.0,252.0,40.0,34.0],"iscrowd":0,"attributes":{"occluded":false}},{"id":168,"image_id":29,"category_id":4,"segmentation":[[303.0,262.0,301.0,288.0,342.0,288.0,342.0,268.0,336.0,256.0,328.0,254.0,310.0,255.0]],"area":1260.0,"bbox":[301.0,254.0,41.0,34.0],"iscrowd":0,"attributes":{"occluded":false}},{"id":169,"image_id":30,"category_id":4,"segmentation":[[338.0,256.0,336.0,257.0,330.0,248.0,302.0,249.0,297.0,256.0,294.0,256.0,294.0,285.0,315.0,288.0,338.0,287.0]],"area":1611.0,"bbox":[294.0,248.0,44.0,40.0],"iscrowd":0,"attributes":{"occluded":false}},{"id":170,"image_id":30,"category_id":4,"segmentation":[[0.0,259.0,0.0,313.0,42.0,313.0,45.0,319.0,51.0,322.0,57.0,310.0,83.0,304.0,86.0,308.0,92.0,306.0,92.0,288.0,88.0,282.0,75.0,271.0,67.0,269.0,57.0,261.0,41.0,258.0]],"area":4360.0,"bbox":[0.0,258.0,92.0,64.0],"iscrowd":0,"attributes":{"occluded":false}},{"id":171,"image_id":31,"category_id":4,"segmentation":[[187.0,255.0,187.0,266.0,190.0,269.0,215.0,268.0,219.0,265.0,225.0,265.0,225.0,255.0,214.0,246.0,194.0,246.0]],"area":741.0,"bbox":[187.0,246.0,38.0,23.0],"iscrowd":0,"attributes":{"occluded":false}},{"id":172,"image_id":31,"category_id":4,"segmentation":[[324.0,251.0,315.0,264.0,313.0,277.0,314.0,287.0,317.0,289.0,359.0,289.0,360.0,265.0,355.0,254.0,352.0,251.0,344.0,250.0]],"area":1636.0,"bbox":[313.0,250.0,47.0,39.0],"iscrowd":0,"attributes":{"occluded":false}},{"id":173,"image_id":32,"category_id":4,"segmentation":[[327.0,270.0,328.0,288.0,364.0,289.0,366.0,287.0,363.0,268.0,355.0,259.0,335.0,259.0]],"area":1006.0,"bbox":[327.0,259.0,39.0,30.0],"iscrowd":0,"attributes":{"occluded":false}},{"id":174,"image_id":33,"category_id":4,"segmentation":[[323.0,256.0,320.0,263.0,320.0,281.0,349.0,281.0,351.0,279.0,351.0,266.0,345.0,255.0,332.0,254.0]],"area":765.0,"bbox":[320.0,254.0,31.0,27.0],"iscrowd":0,"attributes":{"occluded":false}},{"id":175,"image_id":34,"category_id":4,"segmentation":[[329.0,251.0,325.0,263.0,327.0,272.0,353.0,271.0,355.0,269.0,355.0,258.0,350.0,249.0,337.0,248.0]],"area":614.0,"bbox":[325.0,248.0,30.0,24.0],"iscrowd":0,"attributes":{"occluded":false}},{"id":176,"image_id":35,"category_id":4,"segmentation":[[394.0,246.0,391.0,254.0,392.0,263.0,414.0,264.0,420.0,262.0,419.0,251.0,414.0,245.0,403.0,243.0]],"area":504.0,"bbox":[391.0,243.0,29.0,21.0],"iscrowd":0,"attributes":{"occluded":false}},{"id":177,"image_id":36,"category_id":4,"segmentation":[[410.0,242.0,405.0,252.0,406.0,262.0,431.0,262.0,431.0,247.0,419.0,241.0]],"area":471.0,"bbox":[405.0,241.0,26.0,21.0],"iscrowd":0,"attributes":{"occluded":false}},{"id":178,"image_id":37,"category_id":4,"segmentation":[[424.0,248.0,419.0,241.0,413.0,238.0,403.0,240.0,397.0,248.0,397.0,258.0,421.0,259.0,424.0,257.0]],"area":466.0,"bbox":[397.0,238.0,27.0,21.0],"iscrowd":0,"attributes":{"occluded":false}},{"id":179,"image_id":38,"category_id":4,"segmentation":[[290.0,255.0,295.0,265.0,317.0,264.0,323.0,266.0,339.0,262.0,338.0,255.0,334.0,250.0,319.0,244.0,300.0,246.0]],"area":800.0,"bbox":[290.0,244.0,49.0,22.0],"iscrowd":0,"attributes":{"occluded":false}},{"id":180,"image_id":38,"category_id":4,"segmentation":[[398.0,246.0,400.0,261.0,403.0,263.0,423.0,263.0,428.0,260.0,429.0,250.0,415.0,239.0,408.0,239.0]],"area":596.0,"bbox":[398.0,239.0,31.0,24.0],"iscrowd":0,"attributes":{"occluded":false}},{"id":181,"image_id":39,"category_id":4,"segmentation":[[258.0,266.0,259.0,281.0,297.0,281.0,303.0,276.0,301.0,262.0,292.0,253.0,267.0,253.0]],"area":1112.0,"bbox":[258.0,253.0,45.0,28.0],"iscrowd":0,"attributes":{"occluded":false}},{"id":182,"image_id":39,"category_id":4,"segmentation":[[344.0,250.0,338.0,261.0,339.0,276.0,368.0,276.0,370.0,264.0,365.0,251.0]],"area":733.0,"bbox":[338.0,250.0,32.0,26.0],"iscrowd":0,"attributes":{"occluded":false}},{"id":183,"image_id":39,"category_id":4,"segmentation":[[311.0,243.0,307.0,251.0,307.0,258.0,309.0,260.0,325.0,259.0,323.0,244.0,320.0,242.0]],"area":267.0,"bbox":[307.0,242.0,18.0,18.0],"iscrowd":0,"attributes":{"occluded":false}},{"id":184,"image_id":39,"category_id":4,"segmentation":[[75.0,253.0,71.0,248.0,45.0,249.0,33.0,259.0,31.0,270.0,49.0,272.0,76.0,270.0,77.0,261.0]],"area":905.0,"bbox":[31.0,248.0,46.0,24.0],"iscrowd":0,"attributes":{"occluded":false}},{"id":185,"image_id":40,"category_id":4,"segmentation":[[21.0,286.0,23.0,288.0,43.0,287.0,56.0,283.0,113.0,276.0,114.0,273.0,109.0,265.0,96.0,256.0,82.0,257.0,79.0,255.0,77.0,257.0,49.0,258.0,32.0,275.0,26.0,278.0]],"area":1832.0,"bbox":[21.0,255.0,93.0,33.0],"iscrowd":0,"attributes":{"occluded":false}},{"id":186,"image_id":40,"category_id":4,"segmentation":[[353.0,257.0,346.0,253.0,317.0,254.0,308.0,262.0,308.0,287.0,319.0,285.0,349.0,286.0,357.0,292.0,360.0,291.0,359.0,270.0]],"area":1580.0,"bbox":[308.0,253.0,52.0,39.0],"iscrowd":0,"attributes":{"occluded":false}},{"id":187,"image_id":40,"category_id":4,"segmentation":[[369.0,249.0,368.0,274.0,370.0,277.0,407.0,277.0,407.0,258.0,400.0,248.0,373.0,247.0]],"area":1095.0,"bbox":[368.0,247.0,39.0,30.0],"iscrowd":0,"attributes":{"occluded":false}},{"id":188,"image_id":40,"category_id":4,"segmentation":[[302.0,238.0,299.0,236.0,289.0,237.0,281.0,247.0,282.0,252.0,284.0,254.0,303.0,253.0,304.0,244.0]],"area":325.0,"bbox":[281.0,236.0,23.0,18.0],"iscrowd":0,"attributes":{"occluded":false}},{"id":189,"image_id":41,"category_id":4,"segmentation":[[362.0,288.0,364.0,308.0,366.0,311.0,378.0,311.0,382.0,324.0,390.0,323.0,397.0,317.0,403.0,315.0,418.0,315.0,419.0,318.0,425.0,315.0,450.0,316.0,454.0,322.0,458.0,322.0,459.0,319.0,464.0,320.0,468.0,301.0,467.0,289.0,448.0,265.0,439.0,259.0,389.0,259.0,377.0,269.0,375.0,275.0,369.0,278.0]],"area":5275.0,"bbox":[362.0,259.0,106.0,65.0],"iscrowd":0,"attributes":{"occluded":false}},{"id":190,"image_id":41,"category_id":4,"segmentation":[[291.0,256.0,291.0,270.0,298.0,275.0,339.0,276.0,342.0,272.0,342.0,263.0,339.0,254.0,334.0,246.0,326.0,242.0,303.0,243.0]],"area":1479.0,"bbox":[291.0,242.0,51.0,34.0],"iscrowd":0,"attributes":{"occluded":false}},{"id":191,"image_id":41,"category_id":4,"segmentation":[[123.0,258.0,113.0,253.0,81.0,254.0,68.0,258.0,64.0,266.0,57.0,270.0,57.0,276.0,51.0,284.0,50.0,298.0,52.0,304.0,59.0,307.0,88.0,307.0,130.0,293.0,131.0,277.0]],"area":3491.0,"bbox":[50.0,253.0,81.0,54.0],"iscrowd":0,"attributes":{"occluded":false}},{"id":192,"image_id":42,"category_id":4,"segmentation":[[415.0,291.0,415.0,318.0,440.0,327.0,445.0,343.0,458.0,343.0,463.0,338.0,474.0,337.0,475.0,335.0,490.0,335.0,497.0,332.0,520.0,332.0,530.0,341.0,541.0,341.0,545.0,335.0,548.0,322.0,546.0,298.0,523.0,274.0,509.0,266.0,496.0,264.0,447.0,265.0,441.0,268.0,430.0,280.0,420.0,282.0]],"area":8156.0,"bbox":[415.0,264.0,133.0,79.0],"iscrowd":0,"attributes":{"occluded":false}},{"id":193,"image_id":42,"category_id":4,"segmentation":[[70.0,261.0,63.0,257.0,35.0,257.0,19.0,259.0,8.0,265.0,0.0,274.0,0.0,323.0,48.0,323.0,69.0,314.0,74.0,317.0,82.0,314.0,83.0,288.0,78.0,273.0]],"area":4884.0,"bbox":[0.0,257.0,83.0,66.0],"iscrowd":0,"attributes":{"occluded":false}},{"id":194,"image_id":42,"category_id":4,"segmentation":[[352.0,260.0,335.0,246.0,310.0,246.0,304.0,248.0,291.0,263.0,291.0,277.0,293.0,280.0,302.0,280.0,305.0,283.0,340.0,281.0,351.0,284.0,354.0,273.0]],"area":1948.0,"bbox":[291.0,246.0,63.0,38.0],"iscrowd":0,"attributes":{"occluded":false}},{"id":195,"image_id":43,"category_id":4,"segmentation":[[322.0,284.0,322.0,307.0,326.0,308.0,330.0,304.0,343.0,308.0,349.0,322.0,353.0,321.0,357.0,315.0,364.0,315.0,374.0,310.0,379.0,310.0,384.0,313.0,414.0,314.0,418.0,319.0,426.0,319.0,431.0,316.0,434.0,306.0,431.0,282.0,402.0,258.0,349.0,258.0,326.0,278.0]],"area":5387.0,"bbox":[322.0,258.0,112.0,64.0],"iscrowd":0,"attributes":{"occluded":false}},{"id":196,"image_id":43,"category_id":4,"segmentation":[[220.0,263.0,220.0,270.0,224.0,276.0,240.0,273.0,252.0,279.0,262.0,276.0,284.0,277.0,287.0,275.0,288.0,270.0,279.0,258.0,259.0,246.0,230.0,247.0,223.0,253.0]],"area":1669.0,"bbox":[220.0,246.0,68.0,33.0],"iscrowd":0,"attributes":{"occluded":false}},{"id":197,"image_id":43,"category_id":4,"segmentation":[[217.0,257.0,213.0,246.0,209.0,243.0,176.0,244.0,164.0,248.0,161.0,256.0,156.0,259.0,158.0,261.0,156.0,263.0,151.0,261.0,155.0,257.0,152.0,254.0,147.0,261.0,147.0,265.0,162.0,266.0,171.0,272.0,175.0,272.0,180.0,268.0,210.0,270.0,217.0,264.0]],"area":1434.0,"bbox":[147.0,243.0,70.0,29.0],"iscrowd":0,"attributes":{"occluded":false}},{"id":198,"image_id":43,"category_id":4,"segmentation":[[425.0,265.0,465.0,267.0,471.0,264.0,470.0,252.0,466.0,248.0,457.0,246.0,433.0,248.0,426.0,254.0]],"area":811.0,"bbox":[425.0,246.0,46.0,21.0],"iscrowd":0,"attributes":{"occluded":false}},{"id":199,"image_id":43,"category_id":5,"segmentation":[[592.0,238.0,564.0,237.0,562.0,239.0,547.0,239.0,537.0,246.0,535.0,263.0,537.0,265.0,559.0,266.0,564.0,260.0,572.0,262.0,581.0,257.0,593.0,256.0]],"area":1294.0,"bbox":[535.0,237.0,58.0,29.0],"iscrowd":0,"attributes":{"occluded":false}},{"id":200,"image_id":43,"category_id":4,"segmentation":[[620.0,265.0,596.0,287.0,593.0,295.0,593.0,313.0,624.0,325.0,624.0,265.0]],"area":1333.0,"bbox":[593.0,265.0,31.0,60.0],"iscrowd":0,"attributes":{"occluded":false}},{"id":201,"image_id":44,"category_id":4,"segmentation":[[361.0,285.0,362.0,293.0,358.0,303.0,359.0,330.0,363.0,331.0,366.0,325.0,390.0,337.0,394.0,342.0,396.0,355.0,400.0,358.0,405.0,356.0,408.0,346.0,412.0,348.0,423.0,348.0,441.0,344.0,451.0,348.0,490.0,347.0,496.0,353.0,502.0,355.0,506.0,354.0,509.0,348.0,511.0,350.0,513.0,347.0,516.0,347.0,523.0,335.0,522.0,312.0,517.0,298.0,511.0,293.0,500.0,289.0,492.0,279.0,476.0,268.0,453.0,264.0,410.0,264.0,396.0,267.0,380.0,278.0,367.0,280.0]],"area":11614.0,"bbox":[358.0,264.0,165.0,94.0],"iscrowd":0,"attributes":{"occluded":false}},{"id":202,"image_id":44,"category_id":4,"segmentation":[[84.0,243.0,81.0,253.0,82.0,287.0,85.0,287.0,89.0,282.0,99.0,284.0,104.0,278.0,126.0,276.0,139.0,279.0,144.0,269.0,144.0,253.0,136.0,242.0,94.0,241.0]],"area":2288.0,"bbox":[81.0,241.0,63.0,46.0],"iscrowd":0,"attributes":{"occluded":false}},{"id":203,"image_id":44,"category_id":4,"segmentation":[[271.0,254.0,270.0,270.0,274.0,274.0,297.0,277.0,304.0,276.0,308.0,273.0,329.0,275.0,333.0,272.0,335.0,266.0,335.0,258.0,332.0,250.0,321.0,242.0,282.0,242.0]],"area":1946.0,"bbox":[270.0,242.0,65.0,35.0],"iscrowd":0,"attributes":{"occluded":false}},{"id":204,"image_id":44,"category_id":5,"segmentation":[[531.0,252.0,535.0,259.0,535.0,265.0,537.0,265.0,537.0,268.0,541.0,272.0,550.0,273.0,560.0,265.0,562.0,271.0,577.0,272.0,584.0,267.0,589.0,272.0,596.0,273.0,603.0,267.0,607.0,270.0,609.0,266.0,606.0,234.0,547.0,236.0]],"area":2505.0,"bbox":[531.0,234.0,78.0,39.0],"iscrowd":0,"attributes":{"occluded":false}},{"id":205,"image_id":45,"category_id":5,"segmentation":[[318.0,218.0,316.0,215.0,303.0,215.0,290.0,212.0,240.0,212.0,193.0,216.0,163.0,239.0,153.0,263.0,153.0,297.0,158.0,300.0,179.0,303.0,210.0,304.0,217.0,311.0,226.0,311.0,233.0,300.0,263.0,300.0,267.0,294.0,271.0,293.0,274.0,301.0,276.0,300.0,283.0,307.0,295.0,308.0,298.0,306.0,300.0,300.0,307.0,295.0,313.0,283.0,321.0,277.0,321.0,243.0]],"area":13878.0,"bbox":[153.0,212.0,168.0,99.0],"iscrowd":0,"attributes":{"occluded":false}},{"id":206,"image_id":45,"category_id":4,"segmentation":[[136.0,271.0,132.0,269.0,130.0,260.0,128.0,259.0,129.0,257.0,121.0,246.0,111.0,242.0,86.0,241.0,65.0,244.0,45.0,255.0,35.0,258.0,21.0,259.0,18.0,261.0,17.0,270.0,18.0,274.0,25.0,275.0,34.0,282.0,41.0,282.0,50.0,276.0,93.0,277.0,107.0,284.0,112.0,284.0,127.0,274.0,135.0,274.0]],"area":3402.0,"bbox":[17.0,241.0,119.0,43.0],"iscrowd":0,"attributes":{"occluded":false}},{"id":207,"image_id":45,"category_id":4,"segmentation":[[0.0,264.0,0.0,364.0,9.0,365.0,17.0,358.0,22.0,343.0,21.0,292.0,11.0,274.0]],"area":1817.0,"bbox":[0.0,264.0,22.0,101.0],"iscrowd":0,"attributes":{"occluded":false}},{"id":208,"image_id":45,"category_id":4,"segmentation":[[588.0,273.0,582.0,258.0,533.0,258.0,526.0,260.0,514.0,271.0,502.0,273.0,491.0,278.0,490.0,291.0,493.0,293.0,583.0,294.0,587.0,293.0,589.0,289.0]],"area":2955.0,"bbox":[490.0,258.0,99.0,36.0],"iscrowd":0,"attributes":{"occluded":false}},{"id":209,"image_id":45,"category_id":5,"segmentation":[[381.0,282.0,395.0,285.0,401.0,289.0,413.0,289.0,420.0,294.0,434.0,293.0,438.0,288.0,447.0,288.0,449.0,293.0,455.0,294.0,457.0,286.0,465.0,287.0,469.0,291.0,479.0,290.0,482.0,283.0,488.0,282.0,497.0,273.0,497.0,239.0,495.0,237.0,454.0,238.0,453.0,242.0,450.0,243.0,448.0,237.0,421.0,237.0,412.0,245.0,401.0,248.0,390.0,256.0,382.0,270.0]],"area":5295.0,"bbox":[381.0,237.0,116.0,57.0],"iscrowd":0,"attributes":{"occluded":false}},{"id":210,"image_id":47,"category_id":4,"segmentation":[[155.0,270.0,152.0,265.0,141.0,259.0,115.0,261.0,100.0,274.0,97.0,283.0,105.0,286.0,133.0,286.0,138.0,283.0,153.0,281.0,155.0,278.0]],"area":1208.0,"bbox":[97.0,259.0,58.0,27.0],"iscrowd":0,"attributes":{"occluded":false}},{"id":211,"image_id":47,"category_id":4,"segmentation":[[234.0,246.0,228.0,256.0,228.0,262.0,245.0,261.0,246.0,247.0]],"area":236.0,"bbox":[228.0,246.0,18.0,16.0],"iscrowd":0,"attributes":{"occluded":false}},{"id":212,"image_id":47,"category_id":2,"segmentation":[[434.0,271.0,437.0,282.0,431.0,294.0,431.0,299.0,430.0,296.0,420.0,292.0,420.0,287.0,423.0,287.0,425.0,273.0]],"area":268.0,"bbox":[420.0,271.0,17.0,28.0],"iscrowd":0,"attributes":{"occluded":false}},{"id":213,"image_id":47,"category_id":7,"segmentation":[[429.0,243.0,428.0,248.0,421.0,254.0,422.0,258.0,415.0,265.0,420.0,267.0,420.0,270.0,423.0,272.0,421.0,270.0,418.0,275.0,418.0,283.0,423.0,287.0,422.0,275.0,424.0,273.0,434.0,271.0,436.0,277.0,433.0,269.0,436.0,266.0,437.0,259.0,434.0,256.0,435.0,252.0,431.0,244.0,424.0,245.0]],"area":420.0,"bbox":[415.0,243.0,22.0,44.0],"iscrowd":0,"attributes":{"occluded":false}},{"id":214,"image_id":48,"category_id":6,"segmentation":[[0.0,132.0,0.0,401.0,99.0,403.0,107.0,401.0,134.0,382.0,148.0,375.0,168.0,356.0,188.0,343.0,217.0,316.0,232.0,294.0,231.0,280.0,236.0,273.0,235.0,264.0,237.0,262.0,236.0,250.0,231.0,240.0,231.0,202.0,229.0,198.0,203.0,185.0,82.0,132.0]],"area":51801.0,"bbox":[0.0,132.0,237.0,271.0],"iscrowd":0,"attributes":{"occluded":false}},{"id":215,"image_id":48,"category_id":4,"segmentation":[[462.0,271.0,461.0,288.0,464.0,293.0,474.0,293.0,480.0,299.0,485.0,299.0,490.0,296.0,521.0,298.0,532.0,302.0,536.0,300.0,537.0,286.0,535.0,274.0,520.0,257.0,482.0,254.0,476.0,256.0]],"area":2814.0,"bbox":[461.0,254.0,76.0,48.0],"iscrowd":0,"attributes":{"occluded":false}},{"id":216,"image_id":48,"category_id":4,"segmentation":[[479.0,252.0,458.0,249.0,447.0,251.0,439.0,262.0,436.0,271.0,437.0,282.0,445.0,284.0,448.0,287.0,459.0,286.0,463.0,271.0,480.0,255.0]],"area":1018.0,"bbox":[436.0,249.0,44.0,38.0],"iscrowd":0,"attributes":{"occluded":false}},{"id":217,"image_id":48,"category_id":4,"segmentation":[[405.0,258.0,403.0,268.0,408.0,272.0,433.0,273.0,437.0,268.0,436.0,259.0,428.0,250.0,411.0,250.0]],"area":647.0,"bbox":[403.0,250.0,34.0,23.0],"iscrowd":0,"attributes":{"occluded":false}},{"id":218,"image_id":48,"category_id":4,"segmentation":[[421.0,244.0,418.0,242.0,399.0,244.0,395.0,252.0,394.0,265.0,402.0,268.0,408.0,254.0,413.0,250.0,422.0,249.0]],"area":360.0,"bbox":[394.0,242.0,28.0,26.0],"iscrowd":0,"attributes":{"occluded":false}},{"id":219,"image_id":49,"category_id":4,"segmentation":[[171.0,256.0,163.0,252.0,110.0,255.0,87.0,285.0,85.0,306.0,88.0,308.0,147.0,308.0,150.0,311.0,155.0,311.0,167.0,304.0,178.0,301.0,178.0,273.0]],"area":4474.0,"bbox":[85.0,252.0,93.0,59.0],"iscrowd":0,"attributes":{"occluded":false}},{"id":220,"image_id":49,"category_id":4,"segmentation":[[109.0,254.0,106.0,252.0,82.0,254.0,69.0,267.0,66.0,274.0,67.0,280.0,73.0,284.0,89.0,283.0,105.0,263.0]],"area":885.0,"bbox":[66.0,252.0,43.0,32.0],"iscrowd":0,"attributes":{"occluded":false}},{"id":221,"image_id":49,"category_id":4,"segmentation":[[503.0,291.0,499.0,310.0,502.0,335.0,512.0,338.0,520.0,332.0,528.0,332.0,542.0,337.0,545.0,340.0,547.0,359.0,551.0,361.0,564.0,361.0,567.0,359.0,570.0,348.0,574.0,345.0,608.0,347.0,614.0,341.0,615.0,336.0,624.0,330.0,624.0,259.0,541.0,258.0,533.0,263.0,514.0,285.0,505.0,288.0]],"area":9781.0,"bbox":[499.0,258.0,125.0,103.0],"iscrowd":0,"attributes":{"occluded":false}},{"id":222,"image_id":49,"category_id":4,"segmentation":[[420.0,278.0,420.0,295.0,422.0,297.0,432.0,298.0,436.0,303.0,442.0,303.0,446.0,300.0,462.0,300.0,485.0,304.0,491.0,303.0,494.0,300.0,491.0,279.0,481.0,265.0,473.0,259.0,440.0,258.0,430.0,263.0]],"area":2740.0,"bbox":[420.0,258.0,74.0,46.0],"iscrowd":0,"attributes":{"occluded":false}},{"id":223,"image_id":49,"category_id":6,"segmentation":[[243.0,234.0,240.0,241.0,242.0,259.0,246.0,263.0,267.0,262.0,270.0,255.0,267.0,235.0,261.0,232.0]],"area":787.0,"bbox":[240.0,232.0,30.0,31.0],"iscrowd":0,"attributes":{"occluded":false}},{"id":224,"image_id":49,"category_id":6,"segmentation":[[324.0,232.0,322.0,235.0,323.0,261.0,352.0,263.0,353.0,234.0,348.0,232.0]],"area":894.0,"bbox":[322.0,232.0,31.0,31.0],"iscrowd":0,"attributes":{"occluded":false}},{"id":225,"image_id":49,"category_id":4,"segmentation":[[177.0,255.0,175.0,263.0,177.0,267.0,202.0,266.0,202.0,259.0,195.0,249.0,184.0,249.0]],"area":395.0,"bbox":[175.0,249.0,27.0,18.0],"iscrowd":0,"attributes":{"occluded":false}},{"id":226,"image_id":50,"category_id":4,"segmentation":[[107.0,274.0,108.0,286.0,147.0,286.0,158.0,280.0,158.0,267.0,155.0,259.0,150.0,254.0,128.0,253.0,118.0,257.0]],"area":1431.0,"bbox":[107.0,253.0,51.0,33.0],"iscrowd":0,"attributes":{"occluded":false}},{"id":227,"image_id":50,"category_id":4,"segmentation":[[0.0,262.0,0.0,303.0,15.0,303.0,39.0,298.0,43.0,295.0,44.0,276.0,39.0,267.0,31.0,262.0]],"area":1633.0,"bbox":[0.0,262.0,44.0,41.0],"iscrowd":0,"attributes":{"occluded":false}},{"id":228,"image_id":50,"category_id":6,"segmentation":[[231.0,236.0,232.0,264.0,254.0,265.0,264.0,262.0,263.0,247.0,258.0,234.0,234.0,234.0]],"area":927.0,"bbox":[231.0,234.0,33.0,31.0],"iscrowd":0,"attributes":{"occluded":false}},{"id":229,"image_id":50,"category_id":6,"segmentation":[[318.0,227.0,316.0,249.0,320.0,264.0,358.0,263.0,359.0,236.0,357.0,228.0,343.0,226.0]],"area":1510.0,"bbox":[316.0,226.0,43.0,38.0],"iscrowd":0,"attributes":{"occluded":false}}]}